id,weather_time,maximum_temperature,minimum_temperature,weather,wind_direction,wind_power
1,2011-01-01,6,2,多云~雨夹雪,北风,4-5级
2,2011-01-02,6,2,多云,北风,4-5级
3,2011-01-03,7,2,多云~阴,东北风,3-4级
4,2011-01-04,6,1,小雨,北风,4-5级
5,2011-01-05,5,0,阴~多云,北风,4-5级
6,2011-01-06,6,0,多云,北风,3-4级
7,2011-01-07,7,2,多云,北风,4-5级
8,2011-01-08,7,4,多云~阴,东北风,3-4级
9,2011-01-09,7,0,阴~多云,北风,3-4级
10,2011-01-10,5,0,多云~阴,东北风~东风,4-5级~3-4级
11,2011-01-11,6,2,多云,东风,3-4级
12,2011-01-12,7,3,多云~阴,东北风,3-4级
13,2011-01-13,6,0,阴~多云,东北风,4-5级
14,2011-01-14,5,-2,多云,北风,4-5级
15,2011-01-15,3,-1,多云,北风~东北风,4-5级
16,2011-01-16,4,0,多云~阴,东北风,4-5级~3-4级
17,2011-01-26,7,2,阴,东北风,3-4级
18,2011-01-29,4,-2,晴~多云,北风,4-5级
19,2011-01-30,4,-3,多云~晴,西北风,4-5级~3-4级
20,2011-01-31,7,-2,晴,西北风,微风~3-4级
21,2011-02-01,9,1,多云,西南风,3-4级
22,2011-02-02,11,2,晴,西南风,微风
23,2011-02-03,13,3,晴~多云,南风,微风~3-4级
24,2011-02-04,14,4,晴,南风~北风,3-4级
25,2011-02-05,15,5,晴~多云,北风~东南风,3-4级
26,2011-02-06,16,5,多云~晴,南风~北风,3-4级
27,2011-02-07,15,10,多云~阴,东风~东南风,3-4级
28,2011-02-08,19,6,多云,东北风,3-4级
29,2011-02-09,9,4,阴~小雨,北风,4-5级
30,2011-02-10,5,1,小雨~雨夹雪,东北风,4-5级
31,2011-02-11,6,-1,多云,北风,4-5级
32,2011-02-12,5,0,多云~阴,北风~东北风,4-5级~3-4级
33,2011-02-13,4,0,阴,东北风,3-4级
34,2011-02-14,4,-1,多云,北风,4-5级~3-4级
35,2011-02-15,6,3,晴~多云,东北风~东风,3-4级
36,2011-02-16,9,5,小雨,东南风~东北风,3-4级
37,2011-02-17,5,3,阴~多云,东北风,4-5级
38,2011-02-18,6,2,多云~阴,北风~东北风,4-5级~3-4级
39,2011-02-19,8,3,阴~多云,北风~东北风,3-4级
40,2011-02-20,11,2,多云~晴,东北风,3-4级
41,2011-02-21,12,5,晴,北风~东北风,3-4级
42,2011-02-22,13,7,晴~多云,东风~东南风,3-4级
43,2011-02-23,16,8,晴,东南风,3-4级
44,2011-02-24,18,9,晴~多云,东南风~东风,3-4级
45,2011-02-25,13,9,多云~阴,东北风~东南风,4-5级
46,2011-02-26,15,11,小雨~阴,东南风,3-4级~4-5级
47,2011-02-27,20,7,多云~阵雨,西北风~北风,3-4级~4-5级
48,2011-02-28,7,4,小雨,北风,4-5级
49,2011-03-01,6,0,阴~多云,北风,4-5级~3-4级
50,2011-03-02,8,1,晴,北风,3-4级
51,2011-03-03,9,1,阴~多云,北风,3-4级
52,2011-03-04,9,4,晴~多云,东北风~东南风,3-4级
53,2011-03-05,13,7,多云~小雨,东南风~南风,4-5级~3-4级
54,2011-03-06,10,4,小雨~阴,北风,3-4级~4-5级
55,2011-03-07,10,2,晴,北风,3-4级
56,2011-03-08,15,5,晴~多云,西南风,3-4级
57,2011-03-09,14,3,多云,北风,4-5级~3-4级
58,2011-03-10,13,6,晴~多云,东南风,3-4级
59,2011-03-11,17,9,晴~多云,南风,3-4级~4-5级
60,2011-03-12,17,10,多云,南风~东南风,4-5级
61,2011-03-13,18,8,多云~阵雨,东南风,4-5级~3-4级
62,2011-03-14,14,4,小雨,北风,4-5级
63,2011-03-15,9,2,阴~多云,北风,4-5级
64,2011-03-16,12,4,多云~晴,西北风~东北风,3-4级
65,2011-03-17,16,6,晴~多云,东南风~南风,3-4级~4-5级
66,2011-03-18,15,9,阴,东南风~南风,4-5级~3-4级
67,2011-03-19,16,12,阵雨,南风,4-5级
68,2011-03-20,16,7,阵雨~中雨,东北风,4-5级
69,2011-03-21,8,5,中雨~小雨,北风,4-5级
70,2011-03-22,9,3,小雨~多云,北风,4-5级~3-4级
71,2011-03-23,13,6,晴~多云,东风,3-4级
72,2011-03-24,16,5,多云,南风~北风,3-4级~4-5级
73,2011-03-25,13,5,晴~多云,东北风~东南风,3-4级
74,2011-03-26,15,7,晴~多云,西南风~南风,3-4级
75,2011-03-27,17,8,晴~多云,南风,3-4级
76,2011-03-28,19,9,晴~多云,西南风~北风,3-4级~4-5级
77,2011-03-29,14,6,多云~晴,东北风,4-5级~3-4级
78,2011-03-30,16,7,晴~多云,南风~东南风,3-4级~4-5级
79,2011-03-31,19,9,晴~多云,东南风,3-4级
80,2011-04-01,21,10,多云~阴,东南风~东风,4-5级
81,2011-04-02,16,7,阴~小雨,东北风,4-5级
82,2011-04-03,9,6,小雨~阴,东北风,4-5级
83,2011-04-04,14,7,晴,东北风~东南风,3-4级
84,2011-04-05,16,9,晴~多云,东北风~东风,3-4级~4-5级
85,2011-04-06,18,12,多云~小雨,东南风,4-5级
86,2011-04-07,15,11,小雨~阴,北风,3-4级
87,2011-04-08,19,9,多云,东风,3-4级
88,2011-04-09,21,12,多云,东南风,3-4级
89,2011-04-10,23,12,多云~阴,东南风~东北风,3-4级~4-5级
90,2011-04-11,17,9,多云,东北风,3-4级
91,2011-04-12,21,12,晴~多云,东南风~南风,3-4级
92,2011-04-13,21,14,多云,南风,4-5级
93,2011-04-14,27,17,多云~阴,南风,3-4级
94,2011-04-15,27,13,雷阵雨,南风~东北风,3-4级~4-5级
95,2011-04-16,18,11,阴~多云,东北风,4-5级~3-4级
96,2011-04-17,21,13,多云~阴,南风,3-4级
97,2011-04-18,20,10,晴,西北风,4-5级
98,2011-04-19,20,10,晴,北风~南风,4-5级~3-4级
99,2011-04-20,22,14,晴~多云,南风,4-5级
100,2011-04-21,20,13,阵雨~雷阵雨,南风,4-5级
101,2011-04-22,17,10,阴~多云,北风,4-5级~3-4级
102,2011-04-23,22,12,晴~多云,西南风~南风,3-4级~4-5级
103,2011-04-24,23,14,多云~晴,西北风~南风,3-4级~4-5级
104,2011-04-25,27,17,晴,南风~西南风,4-5级
105,2011-04-26,33,16,多云~雷阵雨,西南风~北风,4-5级
106,2011-04-27,23,11,阴~多云,北风,4-5级~3-4级
107,2011-04-28,22,14,晴~多云,东南风~南风,3-4级~4-5级
108,2011-04-29,27,19,晴~阴,南风,5-6级
109,2011-04-30,29,17,雷阵雨,南风~北风,4-5级~3-4级
110,2011-05-01,27,14,多云,东北风~东风,3-4级
111,2011-05-02,23,13,多云~雷阵雨,东南风,3-4级~4-5级
112,2011-05-03,18,13,阵雨~阴,东北风~东南风,3-4级
113,2011-05-04,21,14,阴~多云,东南风,3-4级
114,2011-05-05,25,17,多云,东南风,4-5级
115,2011-05-06,28,19,多云,南风,3-4级
116,2011-05-07,33,19,多云,南风,3-4级
117,2011-05-08,33,22,多云,东南风~南风,4-5级
118,2011-05-09,33,24,多云,南风,4-5级
119,2011-05-10,34,19,雷阵雨,南风,3-4级
120,2011-05-11,23,17,阵雨~阴,北风,3-4级
121,2011-05-12,25,16,阴~多云,西北风,3-4级
122,2011-05-13,28,18,晴,西风,3-4级
123,2011-05-14,28,19,多云,西风~南风,3-4级
124,2011-05-15,29,19,多云~阴,南风,3-4级
125,2011-05-16,29,18,多云,南风,3-4级
126,2011-05-17,31,20,晴~多云,南风,3-4级~4-5级
127,2011-05-18,32,21,多云~晴,南风,5-6级~4-5级
128,2011-05-19,33,22,晴,南风,4-5级
129,2011-05-20,34,22,晴~多云,东南风,3-4级
130,2011-05-21,26,18,阴~阵雨,西北风~东北风,3-4级
131,2011-05-22,20,16,阵雨~中雨,东北风,4-5级
132,2011-05-23,18,16,小雨~阴,东北风,4-5级
133,2011-05-24,24,16,多云,东风,3-4级
134,2011-05-25,24,18,多云~阴,北风,3-4级
135,2011-05-26,25,18,多云,西北风~北风,3-4级
136,2011-05-27,26,18,多云,北风~东北风,3-4级
137,2011-05-28,21,18,阴~多云,东北风,3-4级~4-5级
138,2011-05-29,27,18,晴,北风~西北风,4-5级~3-4级
139,2011-05-30,31,20,多云,南风,4-5级
140,2011-05-31,31,21,阴~阵雨,南风,3-4级
141,2011-06-01,29,20,多云,南风,3-4级
142,2011-06-02,32,21,多云,东南风,3-4级
143,2011-06-03,31,21,多云~阴,南风~东南风,3-4级
144,2011-06-04,24,20,中到大雨,东南风~南风,3-4级
145,2011-06-05,24,20,小雨,东北风~东风,4-5级~3-4级
146,2011-06-06,21,19,中雨,东风,3-4级
147,2011-06-07,26,20,小雨~多云,东风~东南风,3-4级
148,2011-06-08,31,23,多云,南风,3-4级~4-5级
149,2011-06-09,36,23,多云~雷阵雨,南风,3-4级
150,2011-06-10,27,22,大雨,西南风,3-4级
151,2011-06-11,24,21,中雨~大雨,东北风,3-4级
152,2011-06-12,27,21,阴~多云,东北风~东南风,3-4级
153,2011-06-13,28,21,阵雨,东风,3-4级
154,2011-06-14,24,20,阵雨~大雨,东风~东南风,3-4级~4-5级
155,2011-06-15,21,19,大到暴雨~小到中雨,东风~东北风,4-5级
156,2011-06-16,25,20,阴~阵雨,北风~东风,3-4级
157,2011-06-17,24,21,中雨,东南风~东风,3-4级
158,2011-06-18,25,21,大到暴雨,东北风,3-4级
159,2011-06-19,23,20,小到中雨~阴,东风~东北风,4-5级~3-4级
160,2011-06-20,28,22,多云~阵雨,东风~东南风,3-4级
161,2011-06-21,26,23,雷阵雨~阵雨,东南风~南风,4-5级
162,2011-06-22,32,25,雷阵雨,东南风,4-5级
163,2011-06-23,33,24,多云~阴,南风~西南风,4-5级
164,2011-06-24,34,25,雷阵雨,南风,3-4级
165,2011-06-25,30,23,大到暴雨,北风~西北风,5-6级~6-7级
166,2011-06-26,29,23,阴~多云,西风~西南风,6-7级~4-5级
167,2011-06-27,32,24,多云~阴,西南风~南风,4-5级~3-4级
168,2011-06-28,33,25,多云,东南风,4-5级
169,2011-06-29,32,26,雷阵雨~阵雨,南风,4-5级
170,2011-06-30,32,26,雷阵雨~多云,南风,4-5级~3-4级
171,2011-07-01,33,26,阵雨~多云,南风,3-4级
172,2011-07-02,36,28,雷阵雨~多云,西南风,3-4级
173,2011-07-03,37,29,多云,西南风,3-4级
174,2011-07-04,36,27,雷阵雨,西风~东风,3-4级
175,2011-07-05,31,27,雷阵雨~阵雨,东南风~南风,3-4级
176,2011-07-06,36,29,多云,西南风,3-4级
177,2011-07-07,37,27,多云,西南风,3-4级
178,2011-07-08,33,26,雷阵雨,南风,3-4级
179,2011-07-09,31,26,阵雨~多云,东风~东南风,3-4级
180,2011-07-10,32,26,阵雨~多云,东南风,4-5级
181,2011-07-11,32,26,阴,东南风,4-5级
182,2011-07-12,31,26,阵雨,东南风,4-5级
183,2011-07-13,32,27,阵雨,东南风,4-5级
184,2011-07-14,32,27,阵雨~多云,南风,4-5级
185,2011-07-15,32,27,雷阵雨,北风~东南风,3-4级~4-5级
186,2011-07-16,34,27,多云,南风~东南风,4-5级
187,2011-07-17,33,27,阵雨~多云,东南风,4-5级
188,2011-07-18,33,26,多云,东风~东北风,3-4级
189,2011-07-19,33,26,多云~阵雨,北风,3-4级
190,2011-07-20,34,27,雷阵雨~多云,西北风~东南风,3-4级
191,2011-07-21,34,28,多云,东南风,3-4级
192,2011-07-22,35,27,雷阵雨~多云,东南风,3-4级
193,2011-07-23,36,28,多云,东风~东南风,3-4级
194,2011-07-24,35,28,雷阵雨~多云,东南风,3-4级
195,2011-07-25,36,28,多云,南风,3-4级
196,2011-07-26,37,28,雷阵雨~多云,南风,4-5级
197,2011-07-27,37,28,多云,南风,4-5级
198,2011-07-28,36,28,晴,南风,4-5级
199,2011-07-29,37,28,晴,南风,3-4级
200,2011-07-30,37,28,多云,南风,3-4级
201,2011-07-31,36,28,雷阵雨,南风~东南风,3-4级
202,2011-08-01,33,28,雷阵雨,东北风~东风,3-4级
203,2011-08-02,34,28,多云,东南风,3-4级
204,2011-08-03,35,27,雷阵雨,东南风,4-5级
205,2011-08-04,33,26,雷阵雨~多云,东风~东北风,3-4级
206,2011-08-05,32,25,多云,东北风,4-5级
207,2011-08-06,32,25,阵雨~暴雨,东北风,5-6级~8-9级
208,2011-08-07,28,26,中雨~阵雨,北风~西南风,8-9级~7-8级
209,2011-08-08,34,27,阵雨~多云,西南风,3-4级
210,2011-08-09,34,27,雷阵雨~多云,南风,3-4级
211,2011-08-10,36,28,多云,南风,3-4级
212,2011-08-11,34,26,雷阵雨~阵雨,西南风,3-4级
213,2011-08-12,32,26,雷阵雨~阵雨,西南风,3-4级
214,2011-08-13,35,27,雷阵雨~多云,西南风,4-5级
215,2011-08-14,32,27,雷阵雨~多云,西南风,4-5级
216,2011-08-15,34,27,雷阵雨~多云,西南风,4-5级
217,2011-08-16,35,28,雷阵雨~多云,西南风,3-4级
218,2011-08-17,30,25,大雨~雷阵雨,西风~东北风,3-4级
219,2011-08-18,33,27,雷阵雨~多云,北风~南风,3-4级
220,2011-08-19,34,27,雷阵雨~多云,东南风,3-4级
221,2011-08-20,36,27,雷阵雨~多云,东南风,3-4级
222,2011-08-21,31,26,雷阵雨,东北风,3-4级
223,2011-08-22,29,24,中到大雨,南风~北风,3-4级
224,2011-08-23,28,24,阵雨,东北风,3-4级
225,2011-08-24,26,22,阵雨,北风~东北风,3-4级
226,2011-08-25,26,23,中雨~阵雨,东北风,3-4级
227,2011-08-26,28,24,中到大雨,东北风,3-4级
228,2011-08-27,30,25,雷阵雨~多云,东风,3-4级
229,2011-08-28,31,26,阴~多云,东南风~东风,3-4级
230,2011-08-29,31,25,多云,东南风~东风,3-4级
231,2011-08-30,31,25,阵雨~多云,东风,4-5级
232,2011-08-31,32,25,多云,东风~东北风,4-5级
233,2011-09-01,32,24,晴,东北风,3-4级
234,2011-09-02,32,23,晴~多云,北风,4-5级
235,2011-09-03,31,23,晴,北风,3-4级
236,2011-09-04,30,22,晴~多云,北风,3-4级
237,2011-09-05,30,22,多云,北风,4-5级~3-4级
238,2011-09-06,28,23,多云,东北风~东风,3-4级
239,2011-09-07,29,25,多云~阴,东风~东南风,3-4级
240,2011-09-08,33,25,多云,西南风~南风,3-4级
241,2011-09-09,27,24,阵雨,东北风~东风,3-4级
242,2011-09-10,25,23,阵雨,东北风,3-4级
243,2011-09-11,29,23,多云,东北风,3-4级
244,2011-09-12,31,24,多云,东风,3-4级
245,2011-09-13,31,25,多云,东风~东南风,3-4级
246,2011-09-14,33,25,多云,东南风,3-4级
247,2011-09-15,33,25,多云~晴,东南风~东风,3-4级
248,2011-09-16,33,24,多云~阴,东北风,3-4级
249,2011-09-17,30,22,多云~阵雨,北风,4-5级
250,2011-09-18,27,20,多云~阴,北风,4-5级
251,2011-09-19,25,19,多云~阴,北风,4-5级
252,2011-09-20,21,17,阵雨~阴,西北风,4-5级
253,2011-09-21,23,16,晴,西北风,4-5级
254,2011-09-22,24,16,多云~晴,西北风~北风,3-4级
255,2011-09-23,26,18,晴,东北风,3-4级
256,2011-09-24,27,20,晴~多云,东北风,3-4级
257,2011-09-25,27,22,多云~阴,东北风~东风,3-4级
258,2011-09-26,27,23,阵雨,东北风,3-4级
259,2011-09-27,28,23,阴~阵雨,东北风,3-4级
260,2011-09-28,28,24,阴,东风,3-4级
261,2011-09-29,30,18,中雨,东南风~北风,3-4级~4-5级
262,2011-09-30,22,18,小雨~阴,北风,4-5级
263,2011-10-01,22,18,阴~小雨,东北风,4-5级
264,2011-10-02,21,17,小雨~阴,东北风,4-5级
265,2011-10-03,21,17,阴,东北风,4-5级
266,2011-10-04,23,18,多云~阴,东北风,3-4级
267,2011-10-05,23,18,多云,东北风,3-4级
268,2011-10-06,24,17,多云,北风~东北风,3-4级
269,2011-10-07,25,17,晴,东北风~东风,3-4级
270,2011-10-08,26,18,晴,东风,3-4级
271,2011-10-09,27,20,多云,东南风~东风,3-4级
272,2011-10-10,25,21,小雨~阴,东北风,4-5级
273,2011-10-11,25,19,多云,东北风,3-4级~4-5级
274,2011-10-12,25,20,多云~小雨,东风~东南风,3-4级
275,2011-10-13,23,18,小到中雨,东风~西北风,3-4级
276,2011-10-14,22,16,阴~多云,西北风,4-5级~3-4级
277,2011-10-15,23,15,多云,西北风,4-5级
278,2011-10-16,24,15,晴,西北风~北风,3-4级
279,2011-10-17,25,16,晴~多云,北风~东北风,3-4级
280,2011-10-18,23,15,晴,东北风~东风,3-4级
281,2011-10-19,22,18,多云,东北风~东风,3-4级
282,2011-10-20,23,18,阴~小雨,东北风,3-4级
283,2011-10-21,21,18,小雨~阴,东北风,3-4级
284,2011-10-22,23,17,晴~多云,北风~东北风,3-4级
285,2011-10-23,24,17,多云~阵雨,东风,3-4级~4-5级
286,2011-10-24,20,15,中雨~小雨,北风,4-5级
287,2011-10-25,19,14,多云,北风,4-5级~3-4级
288,2011-10-26,19,16,多云,东北风,3-4级
289,2011-10-27,21,17,多云,东风,3-4级
290,2011-10-28,21,17,阴~小雨,东风,3-4级
291,2011-10-29,19,16,小雨,北风,3-4级
292,2011-10-30,21,16,多云,北风~东北风,3-4级
293,2011-10-31,22,17,多云,东北风,3-4级
294,2011-11-01,23,20,多云~阴,东风,3-4级
295,2011-11-02,21,20,阵雨,东北风,3-4级~4-5级
296,2011-11-03,24,20,多云~阵雨,东北风~东风,3-4级
297,2011-11-04,25,20,阵雨,东风~东南风,3-4级
298,2011-11-05,24,19,阵雨,东北风,3-4级
299,2011-11-06,20,16,小雨~阴,东北风,3-4级
300,2011-11-07,20,16,小雨,东北风,3-4级
301,2011-11-08,19,15,小雨~阵雨,东北风,3-4级~4-5级
302,2011-11-09,18,14,小雨,北风,3-4级
303,2011-11-10,16,10,小雨~多云,北风,4-5级
304,2011-11-11,18,10,多云,北风,3-4级
305,2011-11-12,20,11,多云,无持续风向~北风,微风~3-4级
306,2011-11-13,20,14,晴,无持续风向,微风
307,2011-11-14,19,13,多云,北风~东北风,3-4级
308,2011-11-15,20,15,多云,东风,3-4级
309,2011-11-16,21,18,多云~小雨,东风~东南风,4-5级
310,2011-11-17,23,20,阵雨,东南风,4-5级
311,2011-11-18,25,18,阵雨~中雨,南风,3-4级
312,2011-11-19,17,10,小雨~阴,北风,4-5级
313,2011-11-20,15,9,多云~晴,北风~东北风,4-5级~3-4级
314,2011-11-21,16,11,晴~多云,东北风~东风,3-4级
315,2011-11-22,18,10,多云,南风~西北风,3-4级~4-5级
316,2011-11-23,15,8,晴,西北风,4-5级~3-4级
317,2011-11-24,14,10,晴,东北风~东南风,3-4级
318,2011-11-25,18,13,多云,东南风,3-4级
319,2011-11-26,20,16,多云,东南风,4-5级
320,2011-11-27,21,15,晴~多云,南风~东南风,3-4级
321,2011-11-28,22,16,多云~阴,东风,3-4级
322,2011-11-29,21,15,阴~阵雨,东北风,3-4级
323,2011-11-30,18,9,小雨,东北风,4-5级
324,2011-12-01,11,5,阴,北风,5-6级~4-5级
325,2011-12-02,9,4,多云~晴,北风,4-5级
326,2011-12-03,10,5,晴~多云,西北风~北风,3-4级
327,2011-12-04,13,9,晴~多云,东北风,微风
328,2011-12-05,15,13,多云~小雨,东北风~东风,3-4级
329,2011-12-06,16,13,小雨,东风,3-4级
330,2011-12-07,14,10,小到中雨~小雨,东风~北风,3-4级~4-5级
331,2011-12-08,10,3,小雨~阴,北风,5-6级
332,2011-12-09,7,0,多云,北风,4-5级
333,2011-12-10,5,-1,晴,北风,4-5级~3-4级
334,2011-12-11,8,2,晴~多云,西北风~北风,3-4级
335,2011-12-12,10,6,晴~多云,东北风,3-4级
336,2011-12-13,11,6,多云,北风~东北风,3-4级
337,2011-12-14,13,5,晴~多云,西北风~北风,3-4级~4-5级
338,2011-12-15,8,3,阴~多云,北风,4-5级
339,2011-12-16,6,0,晴,北风,4-5级
340,2011-12-17,7,2,多云,东北风,3-4级
341,2011-12-18,8,4,多云,东北风,3-4级
342,2011-12-19,11,6,晴~多云,东北风,3-4级
343,2011-12-20,11,6,小雨,东风,3-4级
344,2011-12-21,11,6,阴,北风,4-5级
345,2011-12-22,7,1,晴~多云,东北风~西北风,4-5级
346,2011-12-23,7,0,晴,北风,3-4级
347,2011-12-24,7,1,晴,西北风,4-5级
348,2011-12-25,8,2,晴,西北风~北风,3-4级
349,2011-12-26,9,4,晴~多云,东北风,3-4级
350,2011-12-27,11,8,阴,东风,3-4级
351,2011-12-28,12,8,阴~多云,东风~东北风,3-4级
352,2011-12-29,12,6,多云,东北风,4-5级~3-4级
353,2011-12-30,10,5,多云,东北风,3-4级
354,2011-12-31,9,4,多云,东风~东北风,3-4级
355,2012-01-01,9,4,多云,北风~东北风,4-5级~3-4级
356,2012-01-02,8,3,多云~阴,西北风,微风~3-4级
357,2012-01-03,6,0,阴~多云,西北风,4-5级
358,2012-01-04,4,-1,晴,西北风,4-5级~3-4级
359,2012-01-05,5,1,多云~阴,北风,3-4级
360,2012-01-06,7,4,阴~多云,东北风,3-4级
361,2012-01-07,8,5,多云~阴,东北风,3-4级
362,2012-01-08,8,5,小雨,东北风,3-4级
363,2012-01-09,9,5,阴,东北风,3-4级
364,2012-01-10,9,5,阴,东北风,3-4级
365,2012-01-11,8,2,阴,北风,4-5级
366,2012-01-12,8,4,多云,东风,3-4级
367,2012-01-13,9,5,阴~小雨,东风,3-4级
368,2012-01-14,6,4,中雨,东北风,3-4级
369,2012-01-16,9,4,阴~多云,东北风~东风,3-4级
370,2012-01-17,10,5,多云~阴,东北风~东风,3-4级
371,2012-01-18,10,7,小雨,东风,3-4级
372,2012-01-19,9,6,小雨~阴,东北风,4-5级
373,2012-01-20,9,5,阴~小雨,北风,4-5级
374,2012-01-21,6,1,小雨~雨夹雪,北风,4-5级
375,2012-01-22,4,-1,小雪~阴,北风,4-5级
376,2012-01-23,4,-2,多云,北风,4-5级~3-4级
377,2012-01-24,4,-2,多云,北风,3-4级
378,2012-01-25,4,-1,晴,西北风~北风,3-4级
379,2012-01-26,7,-1,晴~多云,东南风~南风,3-4级
380,2012-01-27,9,5,小雨,东北风,3-4级
381,2012-01-28,8,4,小雨~阴,东北风,4-5级
382,2012-01-29,9,3,多云~小雨,东北风,4-5级
383,2012-01-30,8,2,多云,东北风,3-4级
384,2012-01-31,10,2,多云~晴,南风~北风,3-4级~4-5级
385,2012-02-01,8,0,阴~多云,北风,4-5级~3-4级
386,2012-02-02,3,-1,多云,北风,4-5级~3-4级
387,2012-02-03,5,-1,晴~多云,北风~南风,3-4级
388,2012-02-04,8,2,多云~小雨,东南风,3-4级
389,2012-02-05,10,7,阴~小到中雨,西风~东风,3-4级
390,2012-02-06,9,1,中雨~雨夹雪,北风,4-5级~5-6级
391,2012-02-07,3,-2,多云,北风,5-6级~4-5级
392,2012-02-08,3,-1,多云,北风,4-5级~3-4级
393,2012-02-09,5,0,多云~阴,北风~东北风,3-4级
394,2012-02-10,4,2,小雨~阴,东北风,3-4级
395,2012-02-11,7,3,阴~小雨,东北风~东风,3-4级
396,2012-02-12,8,6,小雨~小到中雨,东风~东南风,4-5级~3-4级
397,2012-02-13,10,7,小雨,西北风~北风,3-4级
398,2012-02-14,8,4,小雨~中雨,东北风,3-4级
399,2012-02-15,7,3,小雨,东北风,4-5级
400,2012-02-16,7,1,阴,北风,3-4级~4-5级
401,2012-02-17,8,4,小雨~中雨,东北风,3-4级
402,2012-02-18,6,0,晴,北风,3-4级
403,2012-02-19,8,2,晴,东北风~东风,微风
404,2012-02-20,8,4,小雨~中雨,东北风,3-4级
405,2012-02-21,11,8,小雨,东南风~东风,3-4级
406,2012-02-22,12,8,中雨~小到中雨,东南风~东北风,3-4级~4-5级
407,2012-02-23,10,5,阴~小雨,北风,4-5级
408,2012-02-24,7,4,小雨~阴,北风,3-4级
409,2012-02-25,6,2,雨夹雪~阴,东北风,4-5级
410,2012-02-26,5,2,小雪~阴,北风,4-5级
411,2012-02-27,7,4,多云~小雨,北风~东北风,3-4级
412,2012-02-28,7,3,小雨~阴,东北风~东南风,3-4级~4-5级
413,2012-02-29,10,7,小雨,东风~东南风,3-4级
414,2012-03-01,10,6,小雨~小到中雨,东南风~东北风,3-4级~4-5级
415,2012-03-02,9,5,小雨,北风~东北风,4-5级
416,2012-03-03,8,6,小到中雨~中雨,东北风~东风,3-4级
417,2012-03-04,9,7,中雨~中到大雨,东风~北风,3-4级
418,2012-03-05,8,5,小雨~阴,西北风,3-4级
419,2012-03-06,11,6,多云~小雨,西北风~东北风,3-4级
420,2012-03-07,7,5,小雨,东北风,3-4级~4-5级
421,2012-03-08,8,4,小雨~阴,东北风,4-5级
422,2012-03-09,9,3,阴~多云,北风,4-5级
423,2012-03-10,11,3,晴~多云,北风,3-4级
424,2012-03-11,11,2,多云~晴,北风,4-5级~3-4级
425,2012-03-12,9,3,晴~多云,东北风~东南风,3-4级
426,2012-03-13,11,5,晴,东南风,3-4级
427,2012-03-14,14,8,晴~多云,东南风,3-4级
428,2012-03-15,13,10,中雨,东风~东南风,4-5级
429,2012-03-16,17,11,阴~小雨,西北风,4-5级~3-4级
430,2012-03-17,15,10,小雨,东风,3-4级
431,2012-03-18,13,6,小雨,东北风,4-5级
432,2012-03-19,9,5,小雨,东北风,3-4级
433,2012-03-20,9,5,小雨~多云,东北风~东风,3-4级
434,2012-03-21,14,8,晴~多云,东风~东南风,3-4级~4-5级
435,2012-03-22,18,8,小到中雨~中雨,东南风~北风,3-4级~4-5级
436,2012-03-23,10,6,小雨~多云,西北风,4-5级
437,2012-03-24,15,6,晴,西北风,3-4级
438,2012-03-25,18,7,晴~多云,西风~东北风,3-4级
439,2012-03-26,18,9,晴~多云,东南风~南风,3-4级
440,2012-03-27,23,11,晴~多云,西南风~南风,4-5级~3-4级
441,2012-03-28,23,13,晴~多云,东风~东南风,3-4级
442,2012-03-29,23,15,多云~阵雨,南风,4-5级
443,2012-03-30,18,8,中雨~小雨,北风,4-5级
444,2012-03-31,18,8,晴,西北风,3-4级
445,2012-04-01,16,14,中雨转小雨,东北风,3-4级
446,2012-04-02,15,15,中雨转小雨,东北风,3-4级
447,2012-04-03,17,13,中雨转小雨,东北风,3-4级
448,2012-04-04,18,12,中雨转小雨,东北风,3-4级
449,2012-04-05,15,15,中雨转小雨,东北风,3-4级
450,2012-04-06,18,12,中雨转小雨,东北风,3-4级
451,2012-04-07,15,15,中雨转小雨,东北风,3-4级
452,2012-04-08,16,14,中雨转小雨,东北风,3-4级
453,2012-04-09,17,13,中雨转小雨,东北风,3-4级
454,2012-04-10,17,13,中雨转小雨,东北风,3-4级
455,2012-04-11,16,14,中雨转小雨,东北风,3-4级
456,2012-04-12,17,13,中雨转小雨,东北风,3-4级
457,2012-04-13,21,11,阴转多云,东风,3-4级
458,2012-04-14,21,14,多云转小雨,西北风,3-4级
459,2012-04-15,23,13,多云,北风,3-4级
460,2012-04-16,21,12,多云,东北风,3-4级
461,2012-04-17,19,13,多云转阵雨,北风,3-4级
462,2012-04-18,20,14,小雨转阴,北风,3-4级~4-5级
463,2012-04-19,20,15,多云转小雨,北风,4-5级~3-4级
464,2012-04-20,21,15,中雨转阵雨,西南风,3-4级
465,2012-04-21,27,14,多云转晴,西南风,3-4级~4-5级
466,2012-04-22,26,17,晴,西北风,3-4级
467,2012-04-23,24,19,多云转阵雨,东风,3-4级~4-5级
468,2012-04-24,22,17,中雨转阵雨,东北风,4-5级
469,2012-04-25,24,13,多云转晴,西南风,5-6级~4-5级
470,2012-04-26,27,15,晴,东风,4-5级~3-4级
471,2012-04-27,27,17,晴转多云,北风,3-4级~4-5级
472,2012-04-28,22,19,阵雨转雷阵雨,西北风,4-5级
473,2012-04-29,24,20,阴,北风,4-5级
474,2012-04-30,21,17,雷阵雨,东北风,3-4级
475,2012-05-01,22,17,阴,北风,3-4级
476,2012-05-02,27,16,多云转晴,西北风,4-5级~3-4级
477,2012-05-03,26,18,阴转多云,东风,3-4级
478,2012-05-04,31,18,晴,东风,小于3级
479,2012-05-05,32,20,晴,西北风,小于3级
480,2012-05-06,33,21,晴,西南风,小于3级~3-4级
481,2012-05-07,28,20,雷阵雨转阵雨,东南风,4-5级~3-4级
482,2012-05-08,26,18,阴转多云,北风,3-4级~4-5级
483,2012-05-09,27,17,多云转晴,西南风,4-5级~3-4级
484,2012-05-10,27,18,晴,北风,3-4级
485,2012-05-11,26,19,多云,东风,3-4级
486,2012-05-12,22,18,中雨,东风,3-4级
487,2012-05-13,26,18,小雨,东南风,4-5级
488,2012-05-14,28,19,小雨转多云,北风,4-5级~3-4级
489,2012-05-15,30,19,多云,西南风,3-4级
490,2012-05-16,31,20,多云转晴,西风,3-4级
491,2012-05-17,28,19,多云,东北风,小于3级~3-4级
492,2012-05-18,25,18,小雨转中雨,北风,3-4级~4-5级
493,2012-05-19,21,16,小雨,东北风,4-5级
494,2012-05-20,24,17,阴转多云,东北风,4-5级~3-4级
495,2012-05-21,26,18,多云,北风,3-4级
496,2012-05-22,24,19,多云转阵雨,东北风,3-4级
497,2012-05-23,23,19,阵雨,东风,3-4级
498,2012-05-24,23,18,阵雨,北风,3-4级
499,2012-05-25,25,18,阴转多云,东风,4-5级~3-4级
500,2012-05-26,28,18,晴,西风,3-4级
501,2012-05-27,29,19,晴,东北风,3-4级
502,2012-05-28,28,20,晴转多云,西北风,3-4级
503,2012-05-29,23,19,中雨转大雨,西北风,4-5级
504,2012-05-30,24,19,小雨转阴,东风,4-5级
505,2012-05-31,25,19,多云转阴,东风,4-5级
506,2012-06-01,26,20,小雨转阴,东南风,4-5级~3-4级
507,2012-06-02,27,19,多云,东风,3-4级
508,2012-06-03,25,20,多云转小雨,东南风,3-4级
509,2012-06-04,26,21,阴转多云,东北风,3-4级~4-5级
510,2012-06-05,27,21,阴,东南风,4-5级
511,2012-06-06,29,22,阵雨,东南风,3-4级
512,2012-06-07,33,24,阴转多云,北风,3-4级
513,2012-06-08,33,24,多云,东风,小于3级
514,2012-06-09,32,24,多云,西风,小于3级
515,2012-06-10,28,24,小雨,东风,3-4级
516,2012-06-11,31,23,阴转多云,北风,3-4级
517,2012-06-12,33,23,多云转晴,北风,小于3级
518,2012-06-13,30,23,晴转多云,西风,3-4级
519,2012-06-14,28,23,多云转阴,北风,3-4级
520,2012-06-15,28,23,阴转多云,东风,3-4级
521,2012-06-16,27,22,多云转阵雨,东北风,3-4级
522,2012-06-17,24,21,暴雨转中雨,北风,3-4级
523,2012-06-18,26,22,小雨,西南风,3-4级
524,2012-06-19,27,22,阴,东风,3-4级
525,2012-06-20,27,22,小雨转多云,东南风,3-4级
526,2012-06-21,28,22,多云,东风,3-4级
527,2012-06-22,24,22,大雨转中雨,西北风,3-4级
528,2012-06-23,26,21,阵雨,北风,4-5级
529,2012-06-24,29,23,阴,西风,4-5级~3-4级
530,2012-06-25,26,22,阵雨转大雨,东风,3-4级
531,2012-06-26,25,23,中雨,东北风,3-4级
532,2012-06-27,28,23,阵雨,东风,3-4级
533,2012-06-28,33,24,阴转多云,东风,3-4级
534,2012-06-29,34,25,多云转雷阵雨,西北风,3-4级
535,2012-06-30,32,26,雷阵雨,西北风,4-5级~3-4级
536,2012-07-01,35,27,多云转雷阵雨,西南风,3-4级
537,2012-07-02,35,29,多云,西南风,3-4级
538,2012-07-03,37,28,多云,北风,3-4级
539,2012-07-04,38,28,多云转晴,东风,3-4级
540,2012-07-05,37,29,多云转雷阵雨,东风,3-4级~4-5级
541,2012-07-06,34,27,雷阵雨,东南风,3-4级
542,2012-07-07,31,26,多云转雷阵雨,东风,3-4级
543,2012-07-08,34,27,多云转雷阵雨,北风,3-4级
544,2012-07-09,37,28,多云,西北风,3-4级
545,2012-07-10,34,28,雷阵雨,西南风,3-4级
546,2012-07-11,35,27,多云转雷阵雨,西风,3-4级
547,2012-07-12,34,27,雷阵雨,西北风,3-4级
548,2012-07-13,30,25,雷阵雨,南风,3-4级
549,2012-07-14,29,23,雷阵雨转阴,西南风,3-4级
550,2012-07-15,28,24,阴转阵雨,东北风,3-4级
551,2012-07-16,30,25,多云转阵雨,东风,3-4级
552,2012-07-17,29,25,大雨转阵雨,西风,3-4级
553,2012-07-18,33,26,多云转雷阵雨,东北风,3-4级
554,2012-07-19,34,27,多云转雷阵雨,西北风,3-4级
555,2012-07-20,35,27,多云,东风,3-4级
556,2012-07-21,34,27,晴转多云,东北风,3-4级
557,2012-07-22,34,28,多云转晴,西南风,4-5级
558,2012-07-23,34,27,多云,西北风,4-5级
559,2012-07-24,34,27,晴转多云,南风,4-5级
560,2012-07-25,34,27,晴转多云,北风,4-5级
561,2012-07-26,34,27,多云转晴,东北风,3-4级
562,2012-07-27,35,28,晴转多云,西风,3-4级
563,2012-07-28,35,28,多云转晴,北风,3-4级
564,2012-07-29,35,28,多云转晴,东北风,3-4级
565,2012-07-30,35,28,多云,西南风,3-4级
566,2012-07-31,34,27,多云,北风,3-4级~4-5级
567,2012-08-01,32,27,阵雨转大雨,东风,3-4级~4-5级
568,2012-08-02,32,27,大雨转阵雨,东风,4-5级
569,2012-08-03,33,27,阵雨转多云,西北风,5-6级~7-8级
570,2012-08-04,33,27,多云,东风,5-6级~4-5级
571,2012-08-05,32,27,多云,东北风,4-5级
572,2012-08-06,30,26,阵雨转中雨,东北风,4-5级
573,2012-08-07,28,25,大雨转暴雨,东北风,4-5级
574,2012-08-08,30,25,大雨转中雨,东北风,5-6级~7-8级
575,2012-08-09,32,27,阵雨转多云,西北风,6-7级~5-6级
576,2012-08-10,33,27,多云转阵雨,东北风,4-5级
577,2012-08-11,34,28,多云,东风,4-5级
578,2012-08-12,34,28,多云转雷阵雨,东风,4-5级~3-4级
579,2012-08-13,35,28,多云,西风,3-4级
580,2012-08-14,36,28,多云,西北风,3-4级
581,2012-08-15,35,28,多云,西风,3-4级
582,2012-08-16,35,28,多云,西北风,3-4级
583,2012-08-17,35,28,多云,西风,3-4级
584,2012-08-18,35,28,多云,南风,3-4级
585,2012-08-19,35,28,多云,西风,3-4级
586,2012-08-20,34,26,多云,北风,3-4级
587,2012-08-21,30,24,阵雨,西风,3-4级
588,2012-08-22,29,25,阵雨,西北风,3-4级~4-5级
589,2012-08-23,29,24,阵雨转中雨,北风,4-5级~3-4级
590,2012-08-24,32,26,阵雨转多云,东北风,4-5级
591,2012-08-25,31,26,多云转小雨,东风,3-4级~4-5级
592,2012-08-26,29,25,阵雨转大雨,东北风,4-5级~5-6级
593,2012-08-27,33,26,小雨转多云,北风,5-6级~6-7级
594,2012-08-28,31,24,阵雨,西南风,6-7级~5-6级
595,2012-08-29,32,26,阵雨转多云,北风,小于3级
596,2012-08-30,32,26,多云,东北风,4-5级
597,2012-08-31,32,25,晴转多云,北风,3-4级
598,2012-09-01,32,25,多云,西北风,3-4级
599,2012-09-02,30,25,多云转雷阵雨,西北风,3-4级
600,2012-09-03,27,23,雷阵雨转阵雨,西南风,3-4级
601,2012-09-04,26,22,阵雨,西南风,3-4级
602,2012-09-05,28,23,阴转小雨,东风,3-4级
603,2012-09-06,29,24,阵雨转大雨,东风,3-4级
604,2012-09-07,30,24,多云,西北风,3-4级
605,2012-09-08,28,23,雷阵雨转阵雨,东北风,3-4级
606,2012-09-09,27,23,雷阵雨转阴,东北风,4-5级~3-4级
607,2012-09-10,29,23,多云,东北风,3-4级
608,2012-09-11,30,23,多云转雷阵雨,东北风,3-4级
609,2012-09-12,27,21,阵雨转中雨,西南风,3-4级
610,2012-09-13,24,20,阵雨转多云,西北风,3-4级~4-5级
611,2012-09-14,26,21,多云,东风,4-5级~3-4级
612,2012-09-15,26,21,多云转阴,东风,4-5级
613,2012-09-16,25,20,多云,北风,4-5级
614,2012-09-17,27,18,晴,南风,5-6级~4-5级
615,2012-09-18,28,18,晴,西风,3-4级
616,2012-09-19,28,21,晴转多云,西风,3-4级
617,2012-09-20,27,21,多云转阴,东风,3-4级
618,2012-09-21,26,21,阵雨,西北风,3-4级
619,2012-09-22,27,19,阴转多云,东风,3-4级
620,2012-09-23,27,20,多云转晴,东风,3-4级
621,2012-09-24,27,20,多云,东风,3-4级
622,2012-09-25,27,21,多云转阴,东风,3-4级
623,2012-09-26,26,21,多云,东风,3-4级
624,2012-09-27,27,21,多云,东风,3-4级
625,2012-09-28,23,18,多云转晴,东风,3-4级~4-5级
626,2012-09-29,24,18,晴转多云,北风,4-5级
627,2012-09-30,25,16,晴,北风,3-4级
628,2012-10-01,26,17,晴,北风,3-4级
629,2012-10-02,26,18,多云,北风,3-4级
630,2012-10-03,27,19,多云转晴,东北风,3-4级
631,2012-10-04,26,19,晴转多云,东风,3-4级
632,2012-10-05,25,20,阴转多云,东风,3-4级
633,2012-10-06,25,19,多云,东北风,3-4级
634,2012-10-07,24,18,多云转阴,东风,3-4级
635,2012-10-08,25,19,多云,西南风,3-4级
636,2012-10-09,26,18,多云转晴,东风,3-4级
637,2012-10-10,23,17,晴,东风,3-4级
638,2012-10-11,25,17,晴转多云,北风,4-5级~3-4级
639,2012-10-12,24,18,多云,东北风,3-4级
640,2012-10-13,24,20,阴,东北风,3-4级
641,2012-10-14,25,20,多云,东北风,3-4级
642,2012-10-15,26,19,晴转多云,东北风,4-5级
643,2012-10-16,22,17,小雨转多云,西北风,4-5级~3-4级
644,2012-10-17,22,15,晴,西北风,4-5级
645,2012-10-18,23,14,晴,东北风,4-5级
646,2012-10-19,25,18,晴转多云,北风,3-4级
647,2012-10-20,25,20,多云,东北风,3-4级
648,2012-10-21,23,19,阴转小雨,北风,3-4级
649,2012-10-22,22,15,阴转晴,西北风,4-5级
650,2012-10-23,22,16,多云,西北风,4-5级~3-4级
651,2012-10-24,24,19,小雨,北风,3-4级
652,2012-10-25,26,20,阵雨转多云,北风,3-4级
653,2012-10-26,24,20,多云转阵雨,西北风,3-4级~4-5级
654,2012-10-27,23,17,多云转晴,西北风,4-5级~3-4级
655,2012-10-28,21,16,晴转多云,北风,3-4级
656,2012-10-29,18,15,小雨,东北风,3-4级
657,2012-10-30,17,11,阴转多云,东北风,3-4级~4-5级
658,2012-10-31,17,10,晴转多云,北风,4-5级
659,2012-11-01,18,12,多云,东北风,3-4级
660,2012-11-02,20,15,多云转小雨,东北风,3-4级
661,2012-11-03,17,11,雷阵雨转晴,北风,3-4级~4-5级
662,2012-11-04,16,9,晴,北风,4-5级
663,2012-11-05,17,10,晴,北风,4-5级
664,2012-11-06,18,9,晴转多云,南风,3-4级
665,2012-11-07,18,11,多云转小雨,东风,3-4级
666,2012-11-08,17,15,小雨转中雨,东风,3-4级
667,2012-11-09,19,15,中雨,东北风,3-4级~4-5级
668,2012-11-10,14,10,阴转晴,西南风,4-5级
669,2012-11-11,15,8,晴,西南风,4-5级
670,2012-11-12,16,9,多云转晴,西南风,4-5级~3-4级
671,2012-11-13,15,8,晴,西北风,3-4级~4-5级
672,2012-11-14,16,9,晴转多云,北风,4-5级~3-4级
673,2012-11-15,15,12,小雨转中雨,东北风,3-4级
674,2012-11-16,15,9,小雨转多云,西北风,3-4级
675,2012-11-17,16,8,晴,北风,4-5级~3-4级
676,2012-11-18,16,8,晴转多云,北风,3-4级
677,2012-11-19,16,11,晴转多云,东北风,3-4级~4-5级
678,2012-11-20,15,12,小雨转中雨,西北风,4-5级~3-4级
679,2012-11-21,16,13,小雨转中雨,北风,3-4级
680,2012-11-22,14,9,中雨转小雨,北风,3-4级
681,2012-11-23,12,7,多云转晴,西北风,4-5级
682,2012-11-24,14,8,小雨转中雨,西北风,3-4级
683,2012-11-25,12,9,小雨转阴,西南风,3-4级
684,2012-11-26,11,5,晴转多云,西北风,4-5级
685,2012-11-27,15,8,多云转阴,西北风,3-4级
686,2012-11-28,14,9,小雨转多云,东北风,3-4级
687,2012-11-29,13,9,小雨转多云,西北风,3-4级
688,2012-11-30,12,9,阴转中雨,东北风,3-4级~4-5级
689,2012-12-01,13,9,中雨转阴,北风,4-5级
690,2012-12-02,12,7,阴转多云,东北风,3-4级
691,2012-12-03,10,4,多云转晴,西北风,3-4级~4-5级
692,2012-12-04,11,5,多云转晴,东北风,3-4级
693,2012-12-05,9,2,晴,西北风,3-4级~4-5级
694,2012-12-06,13,5,多云转晴,西风,4-5级~3-4级
695,2012-12-07,10,4,晴转多云,西北风,3-4级~4-5级
696,2012-12-08,7,1,多云转阴,北风,西北风转北风3-4级
697,2012-12-09,7,1,多云转阴,北风,西北风转北风3-4级
698,2012-12-10,11,5,多云,东风,3-4级
699,2012-12-11,11,5,多云,东风,3-4级
700,2012-12-12,14,6,晴转阴,东北风,3-4级
701,2012-12-13,18,13,小雨,西北风,3-4级~4-5级
702,2012-12-14,12,8,阵雨,北风,4-5级~3-4级
703,2012-12-15,10,7,小雨,北风,3-4级
704,2012-12-16,10,7,小雨转阴,东北风,3-4级
705,2012-12-17,7,3,阴,西北风,3-4级~4-5级
706,2012-12-18,6,0,多云,北风,4-5级
707,2012-12-19,11,4,多云转小雨,东风,4-5级~3-4级
708,2012-12-20,11,8,中雨转小雨,北风,3-4级~4-5级
709,2012-12-21,8,4,小雨,西风,4-5级
710,2012-12-22,3,0,多云转晴,北风,4-5级
711,2012-12-23,4,-2,晴,西北风,4-5级
712,2012-12-24,8,1,晴转多云,东北风,4-5级~3-4级
713,2012-12-25,7,5,阴转小雨,东北风,3-4级~4-5级
714,2012-12-26,10,5,小雨转中雨,北风,4-5级
715,2012-12-27,10,7,中雨转小雨,东北风,3-4级
716,2012-12-28,9,3,小雨转中雨,西北风,3-4级
717,2012-12-29,2,-2,小雪转多云,西北风,3-4级~4-5级
718,2012-12-30,4,-3,多云转晴,西南风,4-5级
719,2012-12-31,9,0,晴,西南风,4-5级~3-4级
720,2013-01-01,7,1,晴转多云,北风,3-4级
721,2013-01-02,3,1,阴,西北风,3-4级~4-5级
722,2013-01-03,3,-2,阴转雨夹雪,北风,4-5级
723,2013-01-04,5,0,雨夹雪转阴,北风,4-5级~3-4级
724,2013-01-05,6,2,雨夹雪转阴,北风,3-4级
725,2013-01-06,5,1,雨夹雪转阴,西北风,3-4级
726,2013-01-07,6,1,阴转雨夹雪,西风,3-4级
727,2013-01-08,6,2,阴转多云,东风,3-4级
728,2013-01-09,6,0,晴,西北风,4-5级
729,2013-01-10,9,1,晴转多云,北风,3-4级
730,2013-01-11,10,2,阴转多云,西风,3-4级
731,2013-01-12,8,4,中雨,西北风,3-4级
732,2013-01-13,10,3,多云转晴,西北风,3-4级~4-5级
733,2013-01-14,9,3,晴转多云,北风,3-4级
734,2013-01-15,9,3,多云转晴,北风,3-4级
735,2013-01-16,5,1,多云,北风,小于3级~3-4级
736,2013-01-17,6,-1,多云转晴,东北风,4-5级
737,2013-01-18,10,0,晴,西风,3-4级
738,2013-01-19,12,6,多云转阴,西北风,3-4级
739,2013-01-20,11,8,小雨,北风,4-5级~3-4级
740,2013-01-21,7,4,小雨转阴,西北风,小于3级~4-5级
741,2013-01-22,9,2,多云,北风,3-4级
742,2013-01-23,11,3,多云,南风,3-4级
743,2013-01-24,9,1,多云转晴,北风,3-4级~4-5级
744,2013-01-25,11,1,晴转多云,北风,3-4级
745,2013-01-26,8,2,多云转晴,东北风,3-4级
746,2013-01-27,11,1,晴,东北风,3-4级
747,2013-01-28,14,6,多云转阴,东南风,3-4级
748,2013-01-29,15,6,晴,北风,3-4级
749,2013-01-30,17,9,多云,东风,3-4级
750,2013-01-31,16,10,小雨,东北风,3-4级~4-5级
751,2013-02-01,11,7,小雨转多云,西风,4-5级
752,2013-02-02,13,6,多云转小雨,北风,4-5级~3-4级
753,2013-02-03,12,8,小雨,东北风,3-4级
754,2013-02-04,9,6,中雨,北风,3-4级
755,2013-02-05,7,4,阴,西北风,4-5级
756,2013-02-06,4,0,小雨转雨夹雪,西北风,4-5级~3-4级
757,2013-02-07,3,0,小雪,北风,3-4级~4-5级
758,2013-02-08,5,-1,小雪转阴,北风,3-4级
759,2013-02-09,8,0,晴转多云,西南风,3-4级
760,2013-02-10,7,2,多云转小雨,东北风,3-4级
761,2013-02-11,6,4,小雨,东北风,3-4级
762,2013-02-12,9,2,多云,北风,4-5级~3-4级
763,2013-02-13,9,4,小雨,北风,3-4级
764,2013-02-14,9,5,小雨转多云,东北风,3-4级
765,2013-02-15,10,3,多云转晴,东北风,3-4级~4-5级
766,2013-02-16,12,6,阴转小雨,北风,3-4级
767,2013-02-17,10,4,小雨转中雨,东北风,4-5级~3-4级
768,2013-02-18,3,0,中雨转雨夹雪,东北风,3-4级~4-5级
769,2013-02-19,7,1,多云,北风,4-5级
770,2013-02-20,10,3,多云转阴,东北风,3-4级
771,2013-02-21,12,5,小雨转多云,北风,3-4级
772,2013-02-22,12,4,多云转晴,西南风,3-4级
773,2013-02-23,14,5,晴转多云,北风,3-4级
774,2013-02-24,16,8,阴转小雨,东北风,3-4级~4-5级
775,2013-02-25,14,11,小雨,东北风,4-5级~3-4级
776,2013-02-26,12,8,阴转多云,北风,3-4级
777,2013-02-27,17,8,多云,东北风,3-4级
778,2013-02-28,13,4,中雨转大雨,东北风,3-4级~4-5级
779,2013-03-01,7,3,阴转多云,北风,4-5级
780,2013-03-02,11,1,多云转晴,西北风,4-5级
781,2013-03-03,16,4,晴,西风,3-4级
782,2013-03-04,17,6,晴,东北风,3-4级
783,2013-03-05,21,9,晴,东北风,3-4级
784,2013-03-06,22,12,多云,北风,3-4级
785,2013-03-07,26,11,晴,东风,4-5级~3-4级
786,2013-03-08,28,15,晴转多云,东北风,3-4级
787,2013-03-09,20,8,小雨,东风,3-4级
788,2013-03-10,11,6,小雨转阴,北风,4-5级
789,2013-03-11,22,8,多云转晴,东北风,3-4级
790,2013-03-12,15,6,中雨转小雨,东南风,3-4级
791,2013-03-13,10,4,阴转多云,北风,4-5级
792,2013-03-14,10,5,多云,东北风,4-5级~3-4级
793,2013-03-15,17,9,晴转小雨,西风,3-4级
794,2013-03-16,19,12,中雨,北风,3-4级
795,2013-03-17,21,12,大雨转多云,西南风,3-4级
796,2013-03-18,21,12,晴转小雨,西风,4-5级~3-4级
797,2013-03-19,14,6,中雨转阴,北风,3-4级
798,2013-03-20,12,4,多云,北风,3-4级~4-5级
799,2013-03-21,19,8,中雨转小雨,东北风,4-5级~3-4级
800,2013-03-22,13,9,小雨转中雨,东北风,4-5级
801,2013-03-23,13,7,小雨转阴,东风,4-5级
802,2013-03-24,11,5,阴转晴,西风,3-4级~4-5级
803,2013-03-25,11,6,小雨,北风,4-5级
804,2013-03-26,16,7,阴转多云,东北风,3-4级
805,2013-03-27,18,8,多云,北风,3-4级
806,2013-03-28,13,8,阴转多云,东风,小于3级~3-4级
807,2013-03-29,16,8,多云转阴,北风,3-4级~4-5级
808,2013-03-30,16,9,多云,北风,小于3级~3-4级
809,2013-03-31,17,8,多云转阴,北风,3-4级
810,2013-04-01,16,9,阴转晴,东风,3-4级
811,2013-04-02,17,6,晴转多云,东北风,4-5级
812,2013-04-03,19,11,阴转多云,东北风,3-4级
813,2013-04-04,17,13,阴转中雨,西北风,3-4级~4-5级
814,2013-04-05,13,7,小雨转多云,北风,4-5级
815,2013-04-06,16,6,晴,北风,4-5级~5-6级
816,2013-04-07,20,8,晴转多云,西北风,4-5级~小于3级
817,2013-04-08,17,11,多云,东风,4-5级~3-4级
818,2013-04-09,18,9,多云转晴,东风,4-5级
819,2013-04-10,19,9,晴转多云,东风,4-5级~3-4级
820,2013-04-11,22,10,晴,西风,3-4级
821,2013-04-12,27,13,晴,东风,3-4级
822,2013-04-13,26,14,多云转晴,东北风,3-4级
823,2013-04-14,30,13,晴,东北风,4-5级~3-4级
824,2013-04-15,28,19,多云转小雨,北风,3-4级~4-5级
825,2013-04-16,24,17,阴转多云,西南风,4-5级
826,2013-04-17,21,14,多云转阴,西风,3-4级
827,2013-04-18,15,10,多云转阴,东北风,3-4级~4-5级
828,2013-04-19,13,10,中雨转小雨,南风,4-5级
829,2013-04-20,15,8,阴转晴,西北风,3-4级~4-5级
830,2013-04-21,18,9,晴转小雨,东风,4-5级~3-4级
831,2013-04-22,20,14,大雨转小雨,北风,3-4级~4-5级
832,2013-04-23,22,14,阴转多云,西风,4-5级~3-4级
833,2013-04-24,26,13,多云,西南风,3-4级
834,2013-04-25,25,12,晴,东北风,小于3级
835,2013-04-26,26,14,晴,东风,3-4级
836,2013-04-27,26,16,晴转多云,东风,3-4级~4-5级
837,2013-04-28,28,18,多云转小雨,西北风,4-5级
838,2013-04-29,18,14,中雨,东北风,4-5级
839,2013-04-30,22,12,多云转晴,西北风,4-5级
840,2013-05-01,22,13,晴转多云,东北风,3-4级
841,2013-05-02,24,14,晴转多云,北风,3-4级
842,2013-05-03,25,15,晴,东北风,小于3级
843,2013-05-04,24,16,多云,东北风,3-4级
844,2013-05-05,23,16,多云转小雨,东北风,3-4级
845,2013-05-06,22,17,小雨,东北风,3-4级
846,2013-05-07,20,17,小雨转中雨,东北风,3-4级
847,2013-05-08,22,18,小雨转中雨,东风,3-4级
848,2013-05-09,26,19,小雨,西风,3-4级
849,2013-05-10,29,18,阴转多云,西北风,3-4级
850,2013-05-11,30,19,晴,东风,3-4级
851,2013-05-12,30,19,晴,西北风,3-4级
852,2013-05-13,29,20,晴转多云,东风,3-4级
853,2013-05-14,24,21,阴转小雨,东风,3-4级
854,2013-05-15,21,19,暴雨转大雨,北风,3-4级
855,2013-05-16,22,19,小雨,东北风,3-4级~4-5级
856,2013-05-17,22,19,小雨转中雨,东风,4-5级~3-4级
857,2013-05-18,27,19,小雨转阴,西风,3-4级
858,2013-05-19,29,19,多云,西北风,3-4级
859,2013-05-20,30,21,多云转晴,北风,小于3级~3-4级
860,2013-05-21,29,20,多云,东北风,3-4级
861,2013-05-22,27,21,多云转阴,东北风,3-4级
862,2013-05-23,26,21,阴转多云,东风,3-4级
863,2013-05-24,28,21,多云,北风,3-4级
864,2013-05-25,26,22,多云转中雨,西北风,4-5级
865,2013-05-26,26,22,大雨转中雨,东北风,4-5级
866,2013-05-27,30,22,阴转多云,西南风,5-6级~4-5级
867,2013-05-28,33,22,晴转阴,东风,3-4级
868,2013-05-29,25,20,中雨转小雨,西北风,3-4级
869,2013-05-30,23,18,小雨,北风,3-4级
870,2013-05-31,23,19,小雨,东北风,3-4级
871,2013-06-01,24,19,小雨转阴,东北风,小于3级
872,2013-06-02,28,18,多云,北风,小于3级~3-4级
873,2013-06-03,28,20,晴转多云,东风,3-4级
874,2013-06-04,27,21,多云,东北风,3-4级~4-5级
875,2013-06-05,28,22,多云,东风,3-4级
876,2013-06-06,24,21,小雨转暴雨,东北风,4-5级
877,2013-06-07,23,20,大雨转小雨,东北风,4-5级
878,2013-06-08,24,20,小雨,西南风,5-6级~4-5级
879,2013-06-09,24,20,小雨,西北风,3-4级
880,2013-06-10,26,20,阴转小雨,北风,3-4级
881,2013-06-11,25,20,小雨转阴,东北风,3-4级
882,2013-06-12,24,20,阴,西北风,3-4级
883,2013-06-13,24,20,小雨转中雨,北风,3-4级
884,2013-06-14,26,21,小雨,东风,3-4级
885,2013-06-15,29,23,阴转小雨,东北风,3-4级
886,2013-06-16,34,25,阴转中雨,东风,3-4级
887,2013-06-17,35,26,多云转中雨,北风,3-4级
888,2013-06-18,32,26,阴转大雨,西风,小于3级
889,2013-06-19,30,25,阴,北风,小于3级~3-4级
890,2013-06-20,29,24,阴转多云,东风,3-4级
891,2013-06-21,30,23,多云,东北风,3-4级
892,2013-06-22,28,25,小雨转大雨,北风,3-4级
893,2013-06-23,28,24,中雨,西风,3-4级
894,2013-06-24,28,24,小雨转大雨,东北风,3-4级
895,2013-06-25,28,23,中雨转阴,东北风,3-4级
896,2013-06-26,24,22,大雨转暴雨,西北风,3-4级
897,2013-06-27,27,21,阵雨转小雨,东风,3-4级
898,2013-06-28,29,22,小雨,东风,3-4级
899,2013-06-29,29,23,阴转小雨,东北风,3-4级
900,2013-06-30,35,26,多云,东北风,3-4级
901,2013-07-01,38,28,多云转晴,北风,3-4级
902,2013-07-02,38,29,晴,西南风,3-4级~4-5级
903,2013-07-03,37,29,多云,西风,4-5级
904,2013-07-04,36,28,多云转雷阵雨,西风,3-4级
905,2013-07-05,36,28,多云转雷阵雨,西南风,4-5级
906,2013-07-06,34,26,阴转多云,西北风,3-4级
907,2013-07-07,36,28,多云,东风,3-4级~4-5级
908,2013-07-08,37,29,多云,东风,4-5级
909,2013-07-09,38,29,晴,东北风,4-5级
910,2013-07-10,38,28,晴,东风,3-4级
911,2013-07-11,35,27,晴,东风,小于3级~3-4级
912,2013-07-12,33,27,多云转阵雨,北风,小于3级~3-4级
913,2013-07-13,34,28,多云,东北风,4-5级
914,2013-07-14,35,28,晴转多云,东北风,4-5级~5-6级
915,2013-07-15,36,28,多云,西北风,4-5级
916,2013-07-16,37,28,晴,东风,4-5级
917,2013-07-17,35,28,晴,西风,4-5级~3-4级
918,2013-07-18,35,28,晴转多云,西北风,3-4级
919,2013-07-19,35,28,晴转多云,东风,4-5级
920,2013-07-20,34,28,多云转雷阵雨,西南风,4-5级~3-4级
921,2013-07-21,36,28,多云,西南风,3-4级
922,2013-07-22,38,28,晴,北风,3-4级
923,2013-07-23,39,30,晴,北风,3-4级~4-5级
924,2013-07-24,39,30,晴转多云,西南风,3-4级
925,2013-07-25,39,31,多云,东北风,3-4级
926,2013-07-26,39,30,多云转雷阵雨,西北风,小于3级
927,2013-07-27,38,29,多云转雷阵雨,西北风,小于3级~3-4级
928,2013-07-28,39,30,多云转晴,北风,3-4级
929,2013-07-29,39,31,多云,东北风,3-4级
930,2013-07-30,39,30,晴转多云,北风,3-4级
931,2013-07-31,38,30,多云转雷阵雨,东北风,3-4级
932,2013-08-01,38,29,多云转晴,西风,小于3级
933,2013-08-02,35,29,多云转雷阵雨,西北风,3-4级~4-5级
934,2013-08-03,36,29,多云转雷阵雨,西南风,4-5级~3-4级
935,2013-08-04,37,29,雷阵雨转多云,北风,3-4级
936,2013-08-05,39,30,晴,西风,3-4级
937,2013-08-06,40,31,晴,北风,3-4级
938,2013-08-07,40,31,晴,东风,3-4级
939,2013-08-08,40,31,晴,东北风,小于3级~3-4级
940,2013-08-09,39,30,晴转多云,北风,3-4级
941,2013-08-10,38,30,晴,东南风,3-4级
942,2013-08-11,37,29,晴,北风,3-4级
943,2013-08-12,36,28,晴,西北风,3-4级~4-5级
944,2013-08-13,35,29,晴转多云,北风,4-5级
945,2013-08-14,35,28,晴转多云,东北风,4-5级
946,2013-08-15,34,28,多云,东风,4-5级
947,2013-08-16,35,28,多云,东北风,4-5级
948,2013-08-17,35,28,多云,西北风,4-5级~3-4级
949,2013-08-18,32,28,阵雨,东北风,3-4级
950,2013-08-19,34,28,阵雨,东北风,4-5级
951,2013-08-20,32,28,多云转小雨,东北风,3-4级~4-5级
952,2013-08-21,32,28,小雨,东北风,3-4级~4-5级
953,2013-08-22,34,28,阵雨转多云,东风,4-5级
954,2013-08-23,36,28,多云转雷阵雨,西北风,4-5级
955,2013-08-24,31,27,多云转大雨,西南风,3-4级~小于3级
956,2013-08-25,29,25,小雨转中雨,西南风,3-4级
957,2013-08-26,32,25,阴转雷阵雨,东北风,3-4级
958,2013-08-27,35,27,多云,东北风,3-4级
959,2013-08-28,36,28,多云,东风,3-4级
960,2013-08-29,32,27,阵雨转中雨,东北风,3-4级
961,2013-08-30,28,23,阴转多云,东风,3-4级~4-5级
962,2013-08-31,29,23,多云,北风,4-5级
963,2013-09-01,29,23,多云,东北风,3-4级
964,2013-09-02,30,24,多云,北风,4-5级
965,2013-09-03,29,23,多云,北风,4-5级
966,2013-09-04,27,22,多云转小雨,东风,4-5级
967,2013-09-05,24,21,小雨,东北风,3-4级
968,2013-09-06,25,21,小雨,北风,小于3级~3-4级
969,2013-09-07,27,22,阴转小雨,北风,小于3级
970,2013-09-08,31,24,多云,北风,3-4级
971,2013-09-09,33,25,多云,东北风,3-4级
972,2013-09-10,32,25,多云转雷阵雨,北风,3-4级
973,2013-09-11,33,25,多云,西北风,3-4级
974,2013-09-12,34,26,多云转雷阵雨,西北风,3-4级
975,2013-09-13,30,25,雷阵雨转阵雨,西风,小于3级~3-4级
976,2013-09-14,31,24,多云,东北风,3-4级
977,2013-09-15,31,24,晴,北风,3-4级
978,2013-09-16,29,22,晴,北风,3-4级
979,2013-09-17,30,24,多云转晴,东风,3-4级~4-5级
980,2013-09-18,31,24,晴转多云,东南风,4-5级
981,2013-09-19,29,24,多云转小雨,北风,3-4级
982,2013-09-20,29,25,小雨转阵雨,东北风,3-4级
983,2013-09-21,29,25,阵雨,东北风,4-5级
984,2013-09-22,31,26,阵雨转多云,东北风,4-5级
985,2013-09-23,31,25,多云,西风,4-5级
986,2013-09-24,26,21,中雨转小雨,北风,4-5级~3-4级
987,2013-09-25,25,20,多云,北风,4-5级
988,2013-09-26,25,20,多云,东北风,3-4级
989,2013-09-27,26,21,小雨转中雨,东北风,3-4级
990,2013-09-28,27,20,小雨转多云,北风,3-4级
991,2013-09-29,26,20,多云,东北风,3-4级
992,2013-09-30,27,20,多云,东北风,3-4级
993,2013-10-01,26,20,多云转阴,西北风,3-4级
994,2013-10-02,24,19,多云,北风,3-4级~4-5级
995,2013-10-03,25,19,晴,东北风,4-5级
996,2013-10-04,26,20,晴转多云,东北风,4-5级
997,2013-10-05,25,22,阵雨,东北风,4-5级
998,2013-10-06,25,23,大雨,北风,4-5级~5-6级
999,2013-10-07,25,22,中雨,东北风,5-6级
1000,2013-10-08,25,20,小雨转阴,西北风,4-5级~5-6级
1001,2013-10-09,27,21,多云,北风,4-5级~3-4级
1002,2013-10-10,27,20,晴,北风,3-4级
1003,2013-10-11,26,20,晴,北风,小于3级~3-4级
1004,2013-10-12,27,20,晴,北风,3-4级
1005,2013-10-13,27,20,晴,西北风,3-4级
1006,2013-10-14,28,17,多云~小雨,东南风,3-4级
1007,2013-10-15,19,15,阴,西风,3-4级
1008,2013-10-16,20,15,阴,西北风,4-5级
1009,2013-10-17,22,17,阴转小雨,东北风,3-4级
1010,2013-10-18,23,19,阴,东北风,3-4级
1011,2013-10-19,23,18,多云,北风,3-4级
1012,2013-10-20,21,16,晴转多云,北风,3-4级~4-5级
1013,2013-10-21,21,17,多云,东北风,3-4级
1014,2013-10-22,22,17,多云,北风,3-4级
1015,2013-10-23,20,16,多云,西北风,3-4级
1016,2013-10-24,18,14,多云,东北风,3-4级~4-5级
1017,2013-10-25,19,13,多云转晴,西风,5-6级~4-5级
1018,2013-10-26,20,12,晴,东北风,4-5级~3-4级
1019,2013-10-27,22,14,多云转晴,东北风,3-4级
1020,2013-10-28,23,16,多云,北风,3-4级
1021,2013-10-29,22,18,多云转阴,东北风,3-4级
1022,2013-10-30,20,18,小雨,东北风,3-4级
1023,2013-10-31,23,18,多云,东北风,3-4级
1024,2013-11-01,23,18,多云转小雨,东北风,3-4级
1025,2013-11-02,22,18,阴转小雨,东北风,3-4级
1026,2013-11-03,20,15,多云,西北风,3-4级
1027,2013-11-04,20,14,晴转多云,东风,4-5级
1028,2013-11-05,22,14,多云,北风,3-4级
1029,2013-11-06,22,14,多云,西南风,3-4级
1030,2013-11-07,23,16,晴转多云,北风,3-4级
1031,2013-11-08,26,18,多云,北风,3-4级
1032,2013-11-09,21,14,小雨,北风,4-5级~3-4级
1033,2013-11-10,16,12,阴转多云,东北风,4-5级
1034,2013-11-11,16,13,阴,西北风,4-5级~3-4级
1035,2013-11-12,17,12,阴,东北风,3-4级
1036,2013-11-13,16,13,小雨,东北风,3-4级
1037,2013-11-14,18,11,阴转晴,西风,3-4级
1038,2013-11-15,20,10,晴转多云,西南风,3-4级
1039,2013-11-16,14,8,晴,西风,3-4级~4-5级
1040,2013-11-17,13,7,晴,西北风,4-5级
1041,2013-11-18,14,6,晴,西北风,4-5级
1042,2013-11-19,17,6,晴,北风,4-5级
1043,2013-11-20,18,9,晴转多云,东风,3-4级
1044,2013-11-21,18,12,多云,东风,3-4级
1045,2013-11-22,20,13,晴转多云,北风,3-4级
1046,2013-11-23,18,11,小雨转中雨,北风,3-4级
1047,2013-11-24,14,8,多云转晴,西南风,4-5级
1048,2013-11-25,13,6,晴转多云,北风,5-6级~4-5级
1049,2013-11-26,13,6,阴转多云,东风,4-5级~3-4级
1050,2013-11-27,7,2,多云转晴,北风,3-4级~4-5级
1051,2013-11-28,9,1,晴,西南风,4-5级
1052,2013-11-29,14,2,晴,西南风,4-5级~3-4级
1053,2013-11-30,13,5,晴,西风,3-4级
1054,2013-12-01,13,4,晴,西南风,3-4级
1055,2013-12-02,17,7,晴转多云,东北风,3-4级
1056,2013-12-03,17,9,阴转多云,东北风,3-4级
1057,2013-12-04,17,9,多云,东风,3-4级
1058,2013-12-05,15,9,晴转阴,北风,3-4级
1059,2013-12-06,15,8,多云转晴,北风,3-4级
1060,2013-12-07,17,9,晴,东北风,3-4级
1061,2013-12-08,17,11,雾转多云,东北风,3-4级
1062,2013-12-09,9,3,多云转晴,西南风,3-4级~4-5级
1063,2013-12-10,9,3,晴,西北风,4-5级~3-4级
1064,2013-12-11,12,4,晴转阴,东北风,3-4级~4-5级
1065,2013-12-12,10,5,多云转晴,西风,3-4级
1066,2013-12-13,13,6,晴,东北风,3-4级
1067,2013-12-14,12,7,阴,东北风,3-4级
1068,2013-12-15,12,6,阴转中雨,东北风,3-4级
1069,2013-12-16,8,6,中雨转小雨,西北风,3-4级~4-5级
1070,2013-12-17,9,6,小雨转多云,东北风,4-5级
1071,2013-12-18,7,3,多云转晴,西北风,4-5级
1072,2013-12-19,7,1,晴,西南风,4-5级
1073,2013-12-20,6,1,晴转多云,西北风,4-5级
1074,2013-12-21,8,1,多云,北风,4-5级
1075,2013-12-22,9,3,晴转多云,北风,3-4级
1076,2013-12-23,9,3,多云,东北风,3-4级
1077,2013-12-24,9,3,晴转多云,东北风,3-4级
1078,2013-12-25,8,3,多云转阴,北风,3-4级
1079,2013-12-26,4,0,阴转多云,北风,3-4级~4-5级
1080,2013-12-27,5,-2,晴转多云,西南风,4-5级
1081,2013-12-28,6,-1,晴,西南风,3-4级
1082,2013-12-29,10,0,晴,西南风,3-4级
1083,2013-12-30,10,1,晴,西南风,3-4级
1084,2013-12-31,14,4,晴,西南风,3-4级
1085,2014-01-01,15,5,晴,北风,3-4级
1086,2014-01-02,16,8,多云,东北风,3-4级
1087,2014-01-03,10,6,多云,西北风,3-4级
1088,2014-01-04,11,3,晴,东风,3-4级
1089,2014-01-05,11,5,多云,北风,3-4级
1090,2014-01-06,11,7,多云,北风,3-4级
1091,2014-01-07,9,6,中雨转小雨,北风,4-5级~3-4级
1092,2014-01-08,6,2,小雨转多云,北风,3-4级~4-5级
1093,2014-01-09,7,0,多云转晴,东北风,4-5级
1094,2014-01-10,8,4,阴转小雨,北风,3-4级
1095,2014-01-11,8,4,小雨,东北风,3-4级
1096,2014-01-12,7,3,阴转多云,西北风,3-4级
1097,2014-01-13,7,2,多云,北风,4-5级~3-4级
1098,2014-01-14,8,2,晴,东北风,3-4级~4-5级
1099,2014-01-15,10,3,晴转多云,东北风,3-4级
1100,2014-01-16,11,3,多云转晴,东北风,3-4级
1101,2014-01-17,9,3,晴,西北风,3-4级
1102,2014-01-18,10,2,晴,西北风,小于3级~4-5级
1103,2014-01-19,10,3,晴转多云,西风,3-4级
1104,2014-01-20,10,1,晴,东北风,3-4级~4-5级
1105,2014-01-21,6,0,晴,东北风,4-5级
1106,2014-01-22,10,1,晴,西北风,3-4级
1107,2014-01-23,15,6,晴,东北风,3-4级
1108,2014-01-24,18,8,多云,西风,3-4级
1109,2014-01-25,9,6,多云,东北风,4-5级
1110,2014-01-26,10,5,多云,北风,4-5级
1111,2014-01-27,13,6,晴转多云,东风,4-5级~3-4级
1112,2014-01-28,14,7,阴转小雨,东北风,3-4级
1113,2014-01-29,18,8,阴转多云,西风,3-4级
1114,2014-01-30,18,10,晴转多云,东北风,3-4级
1115,2014-01-31,23,12,晴,东北风,3-4级
1116,2014-02-01,20,12,多云,西南风,4-5级~3-4级
1117,2014-02-02,20,12,多云,东北风,小于3级
1118,2014-02-03,10,4,小雨转多云,北风,小于3级
1119,2014-02-04,7,3,小雨,东北风,4-5级
1120,2014-02-05,9,6,中雨转小雨,东北风,3-4级~4-5级
1121,2014-02-06,7,5,中雨,东北风,4-5级
1122,2014-02-07,7,3,小雨转多云,北风,4-5级
1123,2014-02-08,4,2,阴转雨夹雪,北风,4-5级
1124,2014-02-09,4,1,雨夹雪,北风,4-5级
1125,2014-02-10,5,-1,阴,北风,4-5级
1126,2014-02-11,4,-1,多云转小雨,北风,4-5级
1127,2014-02-12,7,3,雨夹雪转小雨,东北风,4-5级~3-4级
1128,2014-02-13,9,4,阴转多云,东北风,4-5级
1129,2014-02-14,10,2,晴转多云,北风,4-5级
1130,2014-02-15,9,5,阴转中雨,东北风,3-4级
1131,2014-02-16,9,6,中雨,东北风,3-4级
1132,2014-02-17,9,5,小雨,东北风,3-4级
1133,2014-02-18,7,3,雨夹雪,西北风,4-5级
1134,2014-02-19,9,1,多云转晴,西北风,4-5级
1135,2014-02-20,9,2,晴,东北风,4-5级~3-4级
1136,2014-02-21,11,3,多云,东北风,3-4级
1137,2014-02-22,12,5,多云,东北风,3-4级
1138,2014-02-23,13,6,多云转小雨,北风,3-4级
1139,2014-02-24,11,8,中雨,东北风,3-4级
1140,2014-02-25,13,9,小雨,东北风,3-4级~4-5级
1141,2014-02-26,13,7,阴,西北风,3-4级~4-5级
1142,2014-02-27,11,8,小雨,东风,3-4级
1143,2014-02-28,9,6,中雨转小雨,东北风,小于3级
1144,2014-03-01,11,4,小雨转多云,西北风,3-4级~4-5级
1145,2014-03-02,11,6,阴转多云,东北风,4-5级
1146,2014-03-03,11,9,小雨,东北风,3-4级~4-5级
1147,2014-03-04,11,6,多云,东北风,4-5级
1148,2014-03-05,8,5,阴转小雨,东北风,4-5级
1149,2014-03-06,10,4,多云转阴,东北风,3-4级
1150,2014-03-07,8,6,小雨,北风,3-4级~4-5级
1151,2014-03-08,13,3,多云转晴,西风,3-4级
1152,2014-03-09,13,4,晴,北风,3-4级
1153,2014-03-10,15,6,晴,东风,3-4级
1154,2014-03-11,16,10,小雨,北风,3-4级~4-5级
1155,2014-03-12,11,6,小雨转多云,西北风,4-5级~3-4级
1156,2014-03-13,15,4,晴,西风,4-5级
1157,2014-03-14,18,8,晴,西风,4-5级~3-4级
1158,2014-03-15,21,10,晴转多云,东风,3-4级
1159,2014-03-16,22,13,阵雨,东风,3-4级
1160,2014-03-17,24,13,晴转多云,北风,3-4级
1161,2014-03-18,15,10,小雨转中雨,东北风,3-4级
1162,2014-03-19,13,8,小雨转多云,北风,小于3级~3-4级
1163,2014-03-20,14,5,多云转晴,西北风,4-5级
1164,2014-03-21,17,5,晴,东北风,3-4级
1165,2014-03-22,18,8,晴转多云,东风,3-4级
1166,2014-03-23,20,11,多云,西南风,3-4级
1167,2014-03-24,19,14,小雨转中雨,东南风,3-4级
1168,2014-03-25,22,15,小雨转多云,北风,3-4级
1169,2014-03-26,21,13,多云,东北风,3-4级
1170,2014-03-27,20,13,阴转小雨,西北风,3-4级
1171,2014-03-28,19,14,中雨转大雨,东风,4-5级
1172,2014-03-29,19,12,阴转多云,东北风,3-4级
1173,2014-03-30,16,11,多云转阴,北风,3-4级
1174,2014-03-31,18,12,阴,北风,3-4级
1175,2014-04-01,18,12,多云转阴,东北风,3-4级
1176,2014-04-02,18,13,小雨,东北风,3-4级
1177,2014-04-03,18,9,多云转晴,东北风,3-4级~4-5级
1178,2014-04-04,19,10,晴,东风,4-5级~3-4级
1179,2014-04-05,16,8,晴转多云,东风,3-4级~4-5级
1180,2014-04-06,19,12,小雨转多云,西北风,3-4级
1181,2014-04-07,21,12,阴转多云,北风,3-4级
1182,2014-04-08,23,14,多云转晴,西南风,3-4级
1183,2014-04-09,24,13,多云,西北风,3-4级
1184,2014-04-10,21,14,多云转阴,东北风,3-4级
1185,2014-04-11,17,14,大雨转中雨,东北风,3-4级~4-5级
1186,2014-04-12,18,14,小雨,北风,4-5级
1187,2014-04-13,21,12,多云转晴,西北风,4-5级
1188,2014-04-14,21,12,晴转多云,北风,3-4级
1189,2014-04-15,19,14,小雨,东风,3-4级~4-5级
1190,2014-04-16,23,17,小雨转雷阵雨,北风,4-5级
1191,2014-04-17,20,15,阴转多云,西北风,3-4级
1192,2014-04-18,15,13,小雨转大雨,北风,小于3级~3-4级
1193,2014-04-19,18,13,小雨,西北风,4-5级
1194,2014-04-20,17,13,小雨,东北风,4-5级~3-4级
1195,2014-04-21,19,12,小雨转多云,东北风,3-4级
1196,2014-04-22,22,13,晴转多云,西南风,3-4级
1197,2014-04-23,22,14,多云转阴,东北风,小于3级~3-4级
1198,2014-04-24,22,16,多云转阴,北风,3-4级~4-5级
1199,2014-04-25,19,17,中雨转大雨,东风,4-5级
1200,2014-04-26,22,16,中雨转小雨,东风,4-5级
1201,2014-04-27,20,15,小雨转多云,西风,4-5级~3-4级
1202,2014-04-28,22,13,多云,东风,4-5级
1203,2014-04-29,24,13,晴转多云,东北风,3-4级
1204,2014-04-30,27,16,晴转多云,东风,3-4级
1205,2014-05-01,29,18,晴转多云,东风,3-4级
1206,2014-05-02,22,17,阴转多云,东北风,3-4级
1207,2014-05-03,20,15,阴转小雨,西风,3-4级
1208,2014-05-04,21,13,阴转多云,北风,3-4级
1209,2014-05-05,23,13,晴转多云,西风,3-4级
1210,2014-05-06,26,15,晴转多云,西北风,3-4级
1211,2014-05-07,27,17,晴转多云,东北风,3-4级~4-5级
1212,2014-05-08,20,16,晴转阴,东北风,4-5级~3-4级
1213,2014-05-09,22,17,小雨,东北风,3-4级
1214,2014-05-10,23,19,小雨转中雨,东风,3-4级~4-5级
1215,2014-05-11,27,17,阴转晴,西风,4-5级
1216,2014-05-12,26,17,多云转小雨,东风,3-4级
1217,2014-05-13,23,19,中雨转小雨,东北风,3-4级
1218,2014-05-14,27,19,多云转晴,北风,3-4级
1219,2014-05-15,26,17,晴转多云,北风,3-4级
1220,2014-05-16,21,18,阵雨转小雨,北风,3-4级
1221,2014-05-17,21,18,小雨,东北风,3-4级~4-5级
1222,2014-05-18,24,17,阴转多云,东北风,3-4级~4-5级
1223,2014-05-19,28,19,小雨转多云,北风,3-4级
1224,2014-05-20,29,18,晴转多云,北风,3-4级
1225,2014-05-21,27,20,阴转晴,北风,3-4级
1226,2014-05-22,27,19,晴转多云,北风,小于3级~3-4级
1227,2014-05-23,28,20,多云,北风,4-5级
1228,2014-05-24,29,22,小雨转中雨,东北风,4-5级
1229,2014-05-25,31,23,阴转晴,东北风,4-5级~3-4级
1230,2014-05-26,34,23,晴,西北风,3-4级
1231,2014-05-27,34,24,晴转多云,北风,3-4级
1232,2014-05-28,34,23,多云转晴,北风,3-4级
1233,2014-05-29,32,23,多云转晴,东风,3-4级
1234,2014-05-30,28,22,多云,东北风,3-4级
1235,2014-05-31,24,22,小雨转大雨,东风,3-4级~4-5级
1236,2014-06-01,26,21,中雨转阴,西风,4-5级~5-6级
1237,2014-06-02,25,20,阴,西风,4-5级
1238,2014-06-03,26,20,阴,西风,4-5级
1239,2014-06-04,27,20,多云,西北风,4-5级~3-4级
1240,2014-06-05,29,21,多云,东北风,3-4级
1241,2014-06-06,30,21,多云,东北风,3-4级
1242,2014-06-07,30,21,多云,东北风,3-4级
1243,2014-06-08,30,21,多云,东北风,3-4级
1244,2014-06-09,27,21,多云,东北风,3-4级
1245,2014-06-10,28,21,阴转多云,东北风,东北风3-4级
1246,2014-06-11,28,20,多云,东北风,东北风转北风3-4级
1247,2014-06-12,32,21,晴转多云,西风,西南风3-4级
1248,2014-06-13,32,22,多云,北风,西南风转东南风3-4级
1249,2014-06-14,31,23,多云,北风,东南风3-4级
1250,2014-06-15,27,23,阵雨,东风,东风3-4级转4-5级
1251,2014-06-16,26,23,中雨转小雨,东风,东风4-5级
1252,2014-06-17,28,22,阴,西北风,北风转东北风3-4级
1253,2014-06-18,28,22,多云转阴,东风,东风转东南风3-4级
1254,2014-06-19,28,23,小雨转中雨,东风,东南风3-4级
1255,2014-06-20,25,23,中雨转大雨,东风,东南风转东北风3-4级
1256,2014-06-21,25,22,小雨,西北风,东北风3-4级
1257,2014-06-22,26,21,阴,西北风,东北风3-4级
1258,2014-06-23,28,21,多云,西风,东南风3-4级
1259,2014-06-24,26,23,阴转小雨,东风,东南风3-4级
1260,2014-06-25,24,21,大雨转暴雨,东风,东南风转东风3-4级
1261,2014-06-26,25,21,中雨转小雨,东北风,东北风3-4级
1262,2014-06-27,28,21,阴转多云,西风,东北风转东风3-4级
1263,2014-06-28,29,23,阴转多云,西南风,南风3-4级
1264,2014-06-29,27,23,阴转小雨,西风,东南风3-4级
1265,2014-06-30,25,22,小雨,东风,东南风3-4级
1266,2014-07-01,27,22,中雨,东北风,东风转西风3-4级
1267,2014-07-02,29,22,小雨转多云,西风,西北风转北风3-4级
1268,2014-07-03,27,23,多云转小雨,东北风,东北风转东南风3-4级
1269,2014-07-04,26,23,小雨转大雨,东北风,东南风3-4级转4-5级
1270,2014-07-05,29,23,大雨转阴,北风,东南风转西北风3-4级
1271,2014-07-06,30,23,阴转多云,西风,西北风转东北风3-4级
1272,2014-07-07,30,24,多云,东风,东北风3-4级转4-5级
1273,2014-07-08,30,24,小雨,东北风,北风5-6级
1274,2014-07-09,34,25,多云,北风,北风4-5级转西北风3-4级
1275,2014-07-10,34,26,多云转雷阵雨,北风,南风转西风3-4级
1276,2014-07-11,31,26,多云转大雨,东风,3-4级
1277,2014-07-12,29,24,大雨转中雨,东北风,3-4级
1278,2014-07-13,30,23,小雨转多云,东风,小于3级~3-4级
1279,2014-07-14,27,24,阵雨转大雨,北风,3-4级
1280,2014-07-15,33,23,小雨转多云,西风,3-4级
1281,2014-07-16,34,26,小雨转多云,西风,3-4级
1282,2014-07-17,34,26,多云,西南风,3-4级~4-5级
1283,2014-07-18,34,27,多云,东北风,3-4级
1284,2014-07-19,35,27,多云转晴,东北风,3-4级
1285,2014-07-20,35,27,多云转晴,东风,3-4级
1286,2014-07-21,35,27,晴转多云,南风,3-4级
1287,2014-07-22,34,27,多云,东北风,3-4级
1288,2014-07-23,33,28,小雨,东北风,3-4级
1289,2014-07-24,31,28,小雨,东北风,4-5级~5-6级
1290,2014-07-25,34,27,多云转雷阵雨,西南风,6-7级~4-5级
1291,2014-07-26,33,27,阵雨转大雨,东北风,3-4级
1292,2014-07-27,32,27,阵雨转雷阵雨,西风,3-4级
1293,2014-07-28,34,27,多云,西北风,3-4级
1294,2014-07-29,34,27,晴转多云,西北风,3-4级
1295,2014-07-30,34,27,多云,东北风,3-4级
1296,2014-07-31,34,27,多云,东北风,3-4级
1297,2014-08-01,30,26,中雨,东风,4-5级~5-6级
1298,2014-08-02,34,26,多云,西风,5-6级
1299,2014-08-03,35,27,多云,西北风,4-5级~3-4级
1300,2014-08-04,36,28,晴,北风,3-4级
1301,2014-08-05,35,28,晴转多云,东北风,3-4级
1302,2014-08-06,33,27,多云转阴,北风,3-4级
1303,2014-08-07,32,26,多云转阵雨,西北风,3-4级
1304,2014-08-08,30,26,阵雨,东风,3-4级
1305,2014-08-09,28,25,阵雨,北风,3-4级
1306,2014-08-10,30,25,阴转多云,西北风,3-4级
1307,2014-08-11,29,25,阴转小雨,东风,3-4级
1308,2014-08-12,27,24,小雨,东北风,3-4级
1309,2014-08-13,28,24,中雨,东风,3-4级
1310,2014-08-14,29,25,小雨转阴,东北风,3-4级~4-5级
1311,2014-08-15,29,24,阴转小雨,东风,3-4级
1312,2014-08-16,26,23,中雨,东北风,3-4级
1313,2014-08-17,27,23,小雨,西南风,3-4级~4-5级
1314,2014-08-18,25,22,大雨转中雨,西北风,4-5级~3-4级
1315,2014-08-19,24,21,大雨,东北风,3-4级
1316,2014-08-20,29,21,阵雨转多云,西风,3-4级
1317,2014-08-21,30,24,多云转阴,东北风,4-5级~3-4级
1318,2014-08-22,31,25,阴转阵雨,西北风,3-4级
1319,2014-08-23,32,26,阴转雷阵雨,西北风,3-4级
1320,2014-08-24,30,25,雷阵雨转阴,东北风,3-4级
1321,2014-08-25,31,25,多云,东北风,3-4级
1322,2014-08-26,27,24,阵雨,东北风,3-4级
1323,2014-08-27,29,23,中雨转阵雨,东北风,3-4级
1324,2014-08-28,27,24,小雨转中雨,西风,3-4级
1325,2014-08-29,29,23,阴转多云,北风,3-4级
1326,2014-08-30,28,24,阴转阵雨,东北风,3-4级
1327,2014-08-31,28,24,中雨转小雨,东北风,3-4级
1328,2014-09-01,32,24,阴转阵雨,北风,4-5级
1329,2014-09-02,28,24,中雨转小雨,西风,3-4级
1330,2014-09-03,28,21,多云,西风,3-4级~4-5级
1331,2014-09-04,29,23,多云,北风,3-4级
1332,2014-09-05,30,24,阵雨转多云,东风,3-4级
1333,2014-09-06,30,23,多云,东南风,3-4级
1334,2014-09-07,29,23,多云,东风,3-4级
1335,2014-09-08,28,23,多云转阴,东北风,3-4级
1336,2014-09-09,28,24,小雨,东风,3-4级
1337,2014-09-10,28,23,阴转多云,东北风,3-4级
1338,2014-09-11,26,23,小雨,东风,3-4级
1339,2014-09-12,25,23,大雨转中雨,东北风,3-4级~4-5级
1340,2014-09-13,27,22,小雨,东风,3-4级~4-5级
1341,2014-09-14,28,23,多云,东南风,3-4级
1342,2014-09-15,28,23,多云转阴,东北风,3-4级
1343,2014-09-16,28,23,阴,东风,3-4级
1344,2014-09-17,24,22,阵雨转大雨,东风,3-4级
1345,2014-09-18,23,20,中雨转小雨,北风,3-4级
1346,2014-09-19,25,19,小雨,西风,3-4级
1347,2014-09-20,25,21,多云转阵雨,东风,3-4级
1348,2014-09-21,26,23,小雨转中雨,东风,3-4级~4-5级
1349,2014-09-22,25,22,大雨转中雨,东风,4-5级~5-6级
1350,2014-09-23,26,22,小雨,西风,6-7级~5-6级
1351,2014-09-24,27,21,多云,东风,4-5级~3-4级
1352,2014-09-25,28,21,多云,东北风,4-5级~3-4级
1353,2014-09-26,28,23,多云,东风,3-4级
1354,2014-09-27,29,23,多云,东北风,3-4级
1355,2014-09-28,30,24,阴转中雨,东风,3-4级
1356,2014-09-29,24,21,阵雨转小雨,西北风,3-4级
1357,2014-09-30,25,19,多云,北风,4-5级
1358,2014-10-01,26,18,多云,北风,4-5级~3-4级
1359,2014-10-02,25,20,多云,东北风,3-4级
1360,2014-10-03,26,18,多云转晴,东风,3-4级~4-5级
1361,2014-10-04,27,19,晴,东风,4-5级
1362,2014-10-05,24,18,晴转多云,北风,4-5级
1363,2014-10-06,23,17,多云,东风,4-5级
1364,2014-10-07,25,18,多云,东北风,3-4级
1365,2014-10-08,25,19,多云,北风,3-4级
1366,2014-10-09,26,20,多云,东北风,3-4级
1367,2014-10-10,26,21,多云,东风,3-4级
1368,2014-10-11,24,20,多云,东北风,3-4级
1369,2014-10-12,21,17,阴转多云,北风,4-5级~5-6级
1370,2014-10-13,21,14,多云转晴,北风,5-6级
1371,2014-10-14,22,13,晴,北风,4-5级
1372,2014-10-15,24,15,多云,北风,3-4级~小于3级
1373,2014-10-16,23,17,多云,东风,小于3级~3-4级
1374,2014-10-17,25,17,晴,北风,小于3级
1375,2014-10-18,26,19,多云,北风,3-4级
1376,2014-10-19,28,20,晴转多云,北风,3-4级
1377,2014-10-20,26,20,晴转中雨,东南风,3-4级
1378,2014-10-21,23,18,阴转多云,北风,小于3级~3-4级
1379,2014-10-22,23,15,晴,东风,3-4级
1380,2014-10-23,25,16,晴,西北风,小于3级
1381,2014-10-24,25,17,晴,西北风,小于3级
1382,2014-10-25,27,18,晴,北风,小于3级
1383,2014-10-26,22,17,多云,东风,小于3级
1384,2014-10-27,22,16,多云,东北风,小于3级~3-4级
1385,2014-10-28,21,17,阴转小雨,东风,小于3级
1386,2014-10-29,21,19,小雨转中雨,东北风,小于3级
1387,2014-10-30,22,19,中雨,西风,小于3级
1388,2014-10-31,22,19,阴转小雨,西北风,小于3级
1389,2014-11-01,19,15,小雨转阴,北风,小于3级
1390,2014-11-02,17,11,多云转晴,东北风,小于3级~4-5级
1391,2014-11-03,18,11,晴,东北风,小于3级
1392,2014-11-04,21,13,晴转多云,东北风,小于3级
1393,2014-11-05,21,16,阴转多云,北风,小于3级
1394,2014-11-06,18,14,多云,北风,小于3级~3-4级
1395,2014-11-07,16,13,小雨,东风,小于3级
1396,2014-11-08,16,13,小雨,东风,3-4级
1397,2014-11-09,16,13,小雨,东风,3-4级
1398,2014-11-10,18,13,多云,东南风,3-4级
1399,2014-11-11,17,12,多云转晴,北风,小于3级
1400,2014-11-12,14,9,多云转晴,北风,小于3级~3-4级
1401,2014-11-13,16,8,晴,北风,3-4级~小于3级
1402,2014-11-14,17,10,晴转多云,东风,小于3级
1403,2014-11-15,17,14,小雨,东北风,小于3级
1404,2014-11-16,16,10,多云,北风,小于3级
1405,2014-11-17,16,10,多云,北风,小于3级~3-4级
1406,2014-11-18,16,10,多云,东风,3-4级~小于3级
1407,2014-11-19,19,12,多云转晴,北风,小于3级
1408,2014-11-20,21,14,晴转多云,北风,3-4级
1409,2014-11-21,20,15,多云转小雨,东北风,小于3级
1410,2014-11-22,21,16,小雨,东风,小于3级
1411,2014-11-23,21,16,阴转阵雨,东北风,小于3级
1412,2014-11-24,15,12,小雨,北风,小于3级
1413,2014-11-25,17,11,阴转晴,西北风,3-4级~小于3级
1414,2014-11-26,19,11,晴转多云,东北风,小于3级
1415,2014-11-27,18,15,小雨,东北风,小于3级~3-4级
1416,2014-11-28,16,13,小雨,西北风,3-4级
1417,2014-11-29,17,13,小雨,北风,小于3级
1418,2014-11-30,12,4,小雨转多云,北风,3-4级
1419,2014-12-01,9,2,晴,东北风,4-5级~3-4级
1420,2014-12-02,8,2,多云转小雨,西风,4-5级~小于3级
1421,2014-12-03,6,2,小雨转晴,北风,小于3级
1422,2014-12-04,7,1,晴,西南风,3-4级~4-5级
1423,2014-12-05,10,1,晴,北风,3-4级
1424,2014-12-06,12,5,多云转小雨,东北风,小于3级
1425,2014-12-07,10,5,晴转多云,西风,小于3级
1426,2014-12-08,12,7,多云,北风,3-4级
1427,2014-12-09,13,9,阴转小雨,东北风,小于3级
1428,2014-12-10,10,6,小雨转多云,西风,小于3级
1429,2014-12-11,8,2,晴,北风,3-4级
1430,2014-12-12,7,1,晴,西南风,3-4级
1431,2014-12-13,10,2,晴,西风,小于3级
1432,2014-12-14,13,5,晴转多云,北风,小于3级
1433,2014-12-15,8,2,多云转晴,东南风,小于3级
1434,2014-12-16,6,-1,晴,东北风,小于3级~3-4级
1435,2014-12-17,9,1,晴,北风,3-4级
1436,2014-12-18,11,5,多云转阴,北风,小于3级
1437,2014-12-19,9,4,多云转晴,西南风,小于3级
1438,2014-12-20,6,2,晴转多云,东北风,小于3级
1439,2014-12-21,7,0,晴,西北风,小于3级
1440,2014-12-22,12,2,晴,北风,小于3级
1441,2014-12-23,12,5,晴,北风,小于3级
1442,2014-12-24,9,5,多云,西风,小于3级
1443,2014-12-25,9,6,多云转阴,东南风,小于3级
1444,2014-12-26,11,6,阴转多云,东北风,小于3级
1445,2014-12-27,11,5,多云,东北风,小于3级
1446,2014-12-28,13,4,晴,北风,小于3级
1447,2014-12-29,14,6,晴,北风,小于3级
1448,2014-12-30,10,4,晴转多云,东南风,小于3级
1449,2014-12-31,4,0,晴,南风,小于3级~4-5级
1450,2015-01-01,8,-1,晴,北风,3-4级
1451,2015-01-02,12,2,多云转晴,北风,小于3级
1452,2015-01-03,16,4,晴,东风,小于3级
1453,2015-01-04,19,9,晴转多云,东风,小于3级
1454,2015-01-05,15,5,小雨,东北风,小于3级
1455,2015-01-06,7,3,小雨转多云,南风,小于3级~3-4级
1456,2015-01-07,8,2,晴,西风,小于3级
1457,2015-01-08,11,2,晴,北风,小于3级
1458,2015-01-09,13,4,晴转多云,北风,小于3级
1459,2015-01-10,14,4,晴,北风,小于3级
1460,2015-01-11,9,5,晴转多云,东北风,小于3级
1461,2015-01-12,10,6,阴转小雨,西风,小于3级
1462,2015-01-13,10,7,中雨转小雨,东北风,小于3级
1463,2015-01-14,11,6,阴转多云,北风,小于3级
1464,2015-01-15,11,4,多云,北风,小于3级
1465,2015-01-16,7,4,多云,西风,小于3级
1466,2015-01-17,10,3,多云,南风,小于3级
1467,2015-01-18,10,3,多云转晴,北风,小于3级
1468,2015-01-19,10,4,多云转阴,北风,小于3级
1469,2015-01-20,14,7,小雨转多云,北风,小于3级
1470,2015-01-21,9,3,阴,西北风,小于3级
1471,2015-01-22,10,2,多云转晴,东北风,3-4级
1472,2015-01-23,14,5,晴转多云,北风,小于3级
1473,2015-01-24,17,11,多云转阴,东北风,小于3级
1474,2015-01-25,12,8,小雨转阴,西北风,小于3级
1475,2015-01-26,7,3,小雨,东北风,小于3级
1476,2015-01-27,6,3,雨夹雪,东北风,小于3级
1477,2015-01-28,6,3,小雨,东北风,4-5级~3-4级
1478,2015-01-29,6,2,小雨转阴,西风,小于3级
1479,2015-01-30,6,2,阴转多云,西北风,小于3级~3-4级
1480,2015-01-31,7,3,阴转小雨,西北风,小于3级
1481,2015-02-01,8,4,小雨转阴,西风,小于3级
1482,2015-02-02,8,4,小雨转阴,东风,小于3级
1483,2015-02-03,8,4,阴转多云,北风,小于3级
1484,2015-02-04,6,2,多云转晴,西风,小于3级~3-4级
1485,2015-02-05,8,1,晴转多云,北风,小于3级
1486,2015-02-06,11,2,多云,北风,小于3级
1487,2015-02-07,7,2,阴转多云,北风,小于3级
1488,2015-02-08,5,-1,晴,西风,3-4级
1489,2015-02-09,5,-1,晴,西风,小于3级
1490,2015-02-10,15,4,晴转多云,北风,小于3级
1491,2015-02-11,15,4,晴转多云,北风,小于3级~3-4级
1492,2015-02-12,15,4,晴转多云,北风,小于3级
1493,2015-02-13,17,7,多云,东北风,小于3级
1494,2015-02-14,17,12,小雨,北风,小于3级
1495,2015-02-15,17,11,阴转多云,暂无实况,小于3级
1496,2015-02-16,14,6,多云转晴,西风,小于3级
1497,2015-02-17,12,4,晴,暂无实况,小于3级
1498,2015-02-18,11,4,晴,东风,小于3级
1499,2015-02-19,11,5,多云转小雨,北风,小于3级
1500,2015-02-20,13,10,中雨转小雨,东风,小于3级~3-4级
1501,2015-02-21,13,10,中雨转小雨,东风,小于3级
1502,2015-02-22,10,6,小雨,东北风,小于3级
1503,2015-02-23,11,6,小雨转阴,西风,小于3级
1504,2015-02-24,10,7,小雨,东风,小于3级
1505,2015-02-25,10,6,小雨转阴,北风,小于3级
1506,2015-02-26,7,4,小雨转中雨,东南风,小于3级
1507,2015-02-27,7,4,中雨转大雨,东风,小于3级~3-4级
1508,2015-02-28,9,4,阴转多云,西南风,3-4级
1509,2015-03-01,12,3,多云转晴,暂无实况,3-4级~小于3级
1510,2015-03-02,14,7,小雨转阴,暂无实况,小于3级
1511,2015-03-03,7,3,多云转阴,西南风,小于3级~3-4级
1512,2015-03-04,6,3,雨夹雪,南风,3-4级~小于3级
1513,2015-03-05,8,4,小雨转阴,东风,小于3级
1514,2015-03-06,11,4,阴转多云,西南风,小于3级
1515,2015-03-07,12,7,阴转小雨,暂无实况,小于3级
1516,2015-03-08,10,5,小雨转阴,暂无实况,小于3级
1517,2015-03-09,7,2,多云,西北风,小于3级~3-4级
1518,2015-03-10,11,3,多云,暂无实况,3-4级~小于3级
1519,2015-03-11,16,5,多云转晴,暂无实况,小于3级
1520,2015-03-12,20,7,晴,北风,小于3级
1521,2015-03-13,16,10,多云转小雨,暂无实况,小于3级
1522,2015-03-14,14,10,小雨,东北风,小于3级
1523,2015-03-15,15,10,小雨转阴,东风,小于3级
1524,2015-03-16,19,12,阴转小雨,东北风,小于3级
1525,2015-03-17,24,15,中雨转小雨,东北风,小于3级
1526,2015-03-18,16,11,中雨转多云,南风,小于3级
1527,2015-03-19,14,10,小雨,东北风,小于3级
1528,2015-03-20,20,10,小雨转多云,东风,小于3级
1529,2015-03-21,17,10,晴转多云,暂无实况,小于3级
1530,2015-03-22,16,10,多云,东风,小于3级
1531,2015-03-23,15,9,多云,东北风,小于3级
1532,2015-03-24,15,9,多云转晴,东风,小于3级
1533,2015-03-25,17,10,多云,东北风,小于3级
1534,2015-03-26,14,11,小雨,北风,小于3级
1535,2015-03-27,20,9,阴转多云,暂无实况,小于3级
1536,2015-03-28,24,11,多云,东风,小于3级
1537,2015-03-29,17,14,小雨,西南风,小于3级
1538,2015-03-30,26,15,阴转多云,南风,小于3级~3-4级
1539,2015-03-31,24,17,多云转阴,暂无实况,3-4级~小于3级
1540,2015-04-01,30,17,多云,东风,小于3级
1541,2015-04-02,21,15,小雨,暂无实况,小于3级~3-4级
1542,2015-04-03,22,13,小雨转阴,北风,小于3级
1543,2015-04-04,17,14,雷阵雨转中雨,西南风,小于3级
1544,2015-04-05,13,10,中雨转小雨,西南风,小于3级
1545,2015-04-06,10,7,小雨,东风,小于3级~3-4级
1546,2015-04-07,13,6,小雨转阴,北风,3-4级
1547,2015-04-08,14,7,多云转阴,东风,小于3级
1548,2015-04-09,17,9,阴转多云,暂无实况,小于3级
1549,2015-04-10,18,10,多云转晴,暂无实况,小于3级
1550,2015-04-11,20,11,多云,北风,小于3级
1551,2015-04-12,15,9,阵雨转小雨,西风,小于3级
1552,2015-04-13,16,8,小雨转多云,暂无实况,小于3级~3-4级
1553,2015-04-14,22,11,多云,暂无实况,3-4级
1554,2015-04-15,23,15,多云,暂无实况,小于3级
1555,2015-04-16,20,13,多云,暂无实况,小于3级
1556,2015-04-17,28,16,多云,东风,小于3级
1557,2015-04-18,26,18,多云转阵雨,东风,小于3级
1558,2015-04-19,17,13,大雨转小雨,西风,小于3级
1559,2015-04-20,20,10,多云转晴,东风,3-4级
1560,2015-04-21,24,11,晴,暂无实况,小于3级
1561,2015-04-22,24,15,多云,暂无实况,小于3级
1562,2015-04-23,24,14,多云,东北风,小于3级
1563,2015-04-24,26,14,多云转晴,暂无实况,小于3级
1564,2015-04-25,27,15,多云转晴,东北风,小于3级
1565,2015-04-26,26,17,多云,东北风,小于3级
1566,2015-04-27,28,19,多云,东北风,小于3级~3-4级
1567,2015-04-28,25,19,雷阵雨转阴,东南风,小于3级
1568,2015-04-29,25,15,多云,暂无实况,小于3级
1569,2015-04-30,25,16,多云,东风,小于3级
1570,2015-05-01,23,17,阵雨转中雨,南风,小于3级
1571,2015-05-02,23,17,小雨转多云,暂无实况,3-4级
1572,2015-05-03,23,15,多云,东风,3-4级
1573,2015-05-04,24,15,多云,东北风,小于3级
1574,2015-05-05,22,17,阴,东风,小于3级
1575,2015-05-06,27,17,多云,北风,小于3级
1576,2015-05-07,27,17,晴~多云,北风,小于3级
1577,2015-05-08,25,17,阵雨~小雨,北风,小于3级
1578,2015-05-09,25,17,阵雨~小雨,北风,小于3级
1579,2015-05-10,24,17,多云~小雨,北风,小于3级
1580,2015-05-11,21,15,中雨~多云,北风,小于3级
1581,2015-05-12,27,17,晴,东南风,小于3级
1582,2015-05-13,30,21,晴~多云,西北风,小于3级
1583,2015-05-14,27,20,阵雨,东南风,小于3级
1584,2015-05-15,27,18,大雨~小雨,西南风,小于3级
1585,2015-05-16,24,16,多云,东南风,小于3级
1586,2015-05-17,25,18,多云~阵雨,东北风,小于3级
1587,2015-05-18,24,20,阵雨~阴,东南风,小于3级
1588,2015-05-19,28,17,多云,东南风,小于3级
1589,2015-05-20,26,17,多云,东北风,小于3级
1590,2015-05-21,25,17,晴,东南风,小于3级
1591,2015-05-22,27,18,晴,西南风,小于3级
1592,2015-05-23,24,19,阴~,东北风,小于3级
1593,2015-05-24,24,18,阴~,东北风,小于3级
1594,2015-05-25,27,19,多云~,东南风,小于3级
1595,2015-05-26,26,20,多云~,东南风,小于3级
1596,2015-05-27,24,20,阵雨,东北风,小于3级
1597,2015-05-28,25,21,阴~小雨,东南风,小于3级
1598,2015-05-29,24,20,小雨~中雨,东南风,小于3级
1599,2015-05-30,25,19,阴~多云,东南风,小于3级
1600,2015-05-31,27,20,多云~晴,东北风,小于3级
1601,2015-06-01,29,22,晴~阵雨,东北风,小于3级
1602,2015-06-02,25,21,暴雨~大雨,东南风,小于3级
1603,2015-06-03,25,20,阴~多云,东南风,小于3级
1604,2015-06-04,26,19,多云~小雨,东南风,小于3级
1605,2015-06-05,28,20,多云~晴,东南风,小于3级
1606,2015-06-06,30,22,晴~多云,东北风,小于3级
1607,2015-06-07,26,21,阵雨~大雨,东南风,小于3级
1608,2015-06-08,24,20,中雨~小雨,东南风,小于3级
1609,2015-06-09,25,21,阴~阵雨,东北风,小于3级
1610,2015-06-10,26,23,小雨~阴,东南风,小于3级
1611,2015-06-11,31,23,多云,东南风,小于3级
1612,2015-06-12,34,24,多云,东北风,小于3级
1613,2015-06-13,31,24,多云~阴,西南风,小于3级
1614,2015-06-14,30,23,阴~中雨,东南风,小于3级
1615,2015-06-15,27,22,小雨~中雨,东南风,小于3级
1616,2015-06-16,23,21,大雨~暴雨,东北风,小于3级
1617,2015-06-17,24,20,大雨~阴,东北风,小于3级
1618,2015-06-18,24,20,小雨~多云,东北风,小于3级
1619,2015-06-19,28,21,多云,东南风,小于3级
1620,2015-06-20,29,22,多云~阴,东南风,小于3级
1621,2015-06-21,27,21,小雨,东南风,小于3级
1622,2015-06-22,24,21,小雨~阴,东南风,小于3级
1623,2015-06-23,29,24,阴~阵雨,东北风,小于3级
1624,2015-06-24,31,25,中雨~小雨,东南风,小于3级
1625,2015-06-25,35,24,阵雨~中雨,东南风,小于3级
1626,2015-06-26,26,24,中雨~大雨,东南风,小于3级
1627,2015-06-27,24,22,大雨,东北风,小于3级
1628,2015-06-28,24,21,大雨~阵雨,东南风,小于3级
1629,2015-06-29,27,22,阵雨~阴,东南风,小于3级
1630,2015-06-30,33,22,雷雨~中雨,西北风,小于3级
1631,2015-07-01,25,19,小雨~阴,东南风,小于3级
1632,2015-07-02,29,22,多云,东南风,小于3级
1633,2015-07-03,30,22,多云~阴,东北风,小于3级
1634,2015-07-04,24,21,阵雨~阴,东南风,小于3级
1635,2015-07-05,24,20,阵雨,东南风,小于3级
1636,2015-07-06,22,19,中雨,东北风,小于3级
1637,2015-07-07,23,20,小雨,东南风,小于3级
1638,2015-07-08,26,22,小雨~阴,东南风,小于3级
1639,2015-07-09,28,23,阴,东北风,小于3级
1640,2015-07-10,29,24,阴~中雨,东北风,小于3级
1641,2015-07-11,25,24,暴雨~中雨,西北风,小于3级
1642,2015-07-12,27,24,小雨~多云,东南风,小于3级
1643,2015-07-13,33,25,多云,东南风,小于3级
1644,2015-07-14,34,24,多云,东南风,小于3级
1645,2015-07-15,32,24,多云,东北风,小于3级
1646,2015-07-16,30,24,多云~阴,东北风,小于3级
1647,2015-07-17,28,24,阴~小雨,东北风,小于3级
1648,2015-07-18,28,24,阵雨,东北风,小于3级
1649,2015-07-19,31,25,多云~阴,东南风,小于3级
1650,2015-07-20,31,26,多云,东南风,小于3级
1651,2015-07-21,31,26,多云~阴,西南风,小于3级
1652,2015-07-22,30,26,阵雨,东南风,小于3级
1653,2015-07-23,31,26,小雨~阴,东南风,小于3级
1654,2015-07-24,33,27,中雨~阴,东南风,小于3级
1655,2015-07-25,34,27,阵雨~多云,东南风,小于3级
1656,2015-07-26,35,27,雷阵雨~多云,东南风,小于3级
1657,2015-07-27,36,28,雷阵雨~多云,东北风,小于3级
1658,2015-07-28,38,30,晴,东南风,小于3级
1659,2015-07-29,38,30,晴,东南风,小于3级
1660,2015-07-30,37,29,多云~晴,东南风,小于3级
1661,2015-07-31,37,29,晴,西北风,小于3级
1662,2015-08-01,38,29,晴,东北风,小于3级
1663,2015-08-02,38,29,晴,东北风,小于3级
1664,2015-08-03,38,28,晴,东南风,小于3级
1665,2015-08-04,38,28,晴,东南风,小于3级
1666,2015-08-05,37,27,晴~多云,东北风,小于3级
1667,2015-08-06,36,27,晴~多云,西北风,小于3级
1668,2015-08-07,34,28,阵雨,东北风,小于3级
1669,2015-08-08,32,27,阵雨,东北风,小于3级
1670,2015-08-09,31,28,中雨~阵雨,东北风,小于3级
1671,2015-08-10,30,27,中雨,西北风,小于3级
1672,2015-08-11,29,24,阵雨,西北风,小于3级
1673,2015-08-12,30,25,多云,西北风,小于3级
1674,2015-08-13,32,25,多云,东南风,小于3级
1675,2015-08-14,32,25,多云~小雨,东南风,小于3级
1676,2015-08-15,31,26,阴~阵雨,东北风,小于3级
1677,2015-08-16,29,25,阵雨~多云,东北风,小于3级
1678,2015-08-17,31,25,多云,东南风,小于3级
1679,2015-08-18,31,25,多云,东南风,小于3级
1680,2015-08-19,33,26,多云,西北风,小于3级
1681,2015-08-20,32,25,小雨,东南风,小于3级
1682,2015-08-21,29,24,阵雨~中雨,东北风,小于3级
1683,2015-08-22,25,22,中雨,东北风,小于3级
1684,2015-08-23,26,23,大雨~中雨,东南风,小于3级
1685,2015-08-24,26,23,暴雨~小雨,西北风,小于3级
1686,2015-08-25,29,23,多云,东南风,小于3级
1687,2015-08-26,29,24,多云,东南风,小于3级
1688,2015-08-27,31,24,雷阵雨,东南风,小于3级
1689,2015-08-28,31,24,多云,东南风,小于3级
1690,2015-08-29,30,23,多云,东北风,小于3级
1691,2015-08-30,30,23,多云,东南风,小于3级
1692,2015-08-31,30,24,多云,东北风,小于3级
1693,2015-09-01,31,24,阵雨,东南风,小于3级
1694,2015-09-02,30,24,多云,东南风,小于3级
1695,2015-09-03,31,24,多云,西北风,小于3级
1696,2015-09-04,31,24,多云~大雨,东南风,小于3级
1697,2015-09-05,28,24,中雨~阴,东北风,小于3级
1698,2015-09-06,29,23,多云~阵雨,东南风,小于3级
1699,2015-09-07,29,23,阴~多云,东北风,小于3级
1700,2015-09-08,29,22,多云,东北风,小于3级
1701,2015-09-09,29,22,晴~多云,东南风,小于3级
1702,2015-09-10,29,22,晴,东南风,小于3级
1703,2015-09-11,30,22,多云~小雨,东南风,小于3级
1704,2015-09-12,25,20,小雨~多云,东南风,小于3级
1705,2015-09-13,26,21,多云~阴,东北风,小于3级
1706,2015-09-14,27,22,多云~阵雨,东南风,小于3级
1707,2015-09-15,23,20,阵雨,东南风,小于3级
1708,2015-09-16,26,20,小雨~多云,东南风,小于3级
1709,2015-09-17,28,21,多云,东南风,小于3级
1710,2015-09-18,27,21,多云,东北风,小于3级
1711,2015-09-19,28,21,多云,东北风,小于3级
1712,2015-09-20,27,21,阴~多云,东南风,小于3级
1713,2015-09-21,29,22,多云,东南风,小于3级
1714,2015-09-22,28,22,小雨~中雨,东北风,小于3级
1715,2015-09-23,25,21,小雨~多云,西北风,小于3级
1716,2015-09-24,27,22,多云~小雨,东风,小于3级
1717,2015-09-25,27,22,阴~多云,东风,小于3级
1718,2015-09-26,29,21,多云,东南风,小于3级
1719,2015-09-27,28,22,晴~多云,东北风,小于3级
1720,2015-09-28,28,23,小雨~中雨,东北风,小于3级
1721,2015-09-29,24,22,中雨~小雨,东北风,小于3级
1722,2015-09-30,29,24,阵雨~中雨,西南风,小于3级
1723,2015-10-01,25,17,小雨~多云,东南风,小于3级
1724,2015-10-02,25,18,晴,东南风,小于3级
1725,2015-10-03,27,20,晴~多云,东北风,小于3级
1726,2015-10-04,25,20,阵雨~中雨,东南风,小于3级
1727,2015-10-05,21,18,小雨,东北风,小于3级
1728,2015-10-06,24,20,阴,东南风,小于3级
1729,2015-10-07,24,20,小雨,东北风,小于3级
1730,2015-10-08,22,18,小雨,东北风,小于3级
1731,2015-10-09,24,17,阴~多云,东南风,小于3级
1732,2015-10-10,24,13,多云~晴,西北风,小于3级
1733,2015-10-11,21,13,晴,东南风,小于3级
1734,2015-10-12,23,15,晴,东南风,小于3级
1735,2015-10-13,24,16,晴,东南风,小于3级
1736,2015-10-14,24,17,多云~晴,东南风,小于3级
1737,2015-10-15,26,18,晴,东南风,小于3级
1738,2015-10-16,26,18,晴,东南风,小于3级
1739,2015-10-17,25,18,晴~多云,东北风,小于3级
1740,2015-10-18,24,18,多云,东北风,小于3级
1741,2015-10-19,25,18,多云,东北风,小于3级
1742,2015-10-20,24,19,多云,东南风,小于3级
1743,2015-10-21,26,19,晴~多云,东南风,小于3级
1744,2015-10-22,26,20,晴~多云,东南风,小于3级
1745,2015-10-23,26,20,多云,东北风,小于3级
1746,2015-10-24,25,19,多云,东北风,小于3级
1747,2015-10-25,24,18,多云,东南风,小于3级
1748,2015-10-26,25,17,多云~阵雨,东南风,小于3级
1749,2015-10-27,20,14,多云~晴,东南风,小于3级
1750,2015-10-28,21,15,多云~小雨,东南风,小于3级
1751,2015-10-29,17,15,小雨,东南风,小于3级
1752,2015-10-30,19,15,阴,西北风,小于3级
1753,2015-10-31,18,13,阴~小雨,西南风,小于3级
1754,2015-11-01,15,11,小雨~多云,东南风,小于3级
1755,2015-11-02,18,12,晴~多云,东南风,小于3级
1756,2015-11-03,20,12,多云,西北风,小于3级
1757,2015-11-04,21,17,小雨,东南风,小于3级
1758,2015-11-05,24,19,多云~小雨,东北风,小于3级
1759,2015-11-06,24,19,小雨,东北风,小于3级
1760,2015-11-07,24,17,雷阵雨~阵雨,东南风,小于3级
1761,2015-11-08,16,13,小雨,东南风,小于3级
1762,2015-11-09,15,12,阴~多云,西北风,小于3级
1763,2015-11-10,16,11,多云~阴,东南风,小于3级
1764,2015-11-11,17,13,阴,东南风,小于3级
1765,2015-11-12,18,15,小雨,东南风,小于3级
1766,2015-11-13,17,14,阴,西南风,小于3级
1767,2015-11-14,17,12,阴~多云,东南风,小于3级
1768,2015-11-15,19,13,多云~阵雨,东南风,小于3级
1769,2015-11-16,21,16,小雨,东南风,小于3级
1770,2015-11-17,17,14,小雨,东北风,小于3级
1771,2015-11-18,17,14,小雨,东北风,小于3级
1772,2015-11-19,16,13,小雨,东北风,小于3级
1773,2015-11-20,17,14,小雨,东南风,小于3级
1774,2015-11-21,18,15,阵雨,东北风,小于3级
1775,2015-11-22,19,16,阵雨,东南风,小于3级
1776,2015-11-23,18,14,小雨,东南风,小于3级
1777,2015-11-24,15,7,小雨,西北风,小于3级
1778,2015-11-25,10,3,多云~晴,西北风,小于3级
1779,2015-11-26,5,0,多云~晴,西北风,小于3级
1780,2015-11-27,6,0,晴~多云,东南风,小于3级
1781,2015-11-28,12,7,阴~小雨,东南风,小于3级
1782,2015-11-29,14,8,小雨~多云,东南风,小于3级
1783,2015-11-30,15,9,多云,东北风,小于3级
1784,2015-12-01,18,11,多云~小雨,东风,小于3级
1785,2015-12-02,14,6,小雨~多云,西北风,小于3级
1786,2015-12-03,12,3,晴,西南风,小于3级
1787,2015-12-04,10,4,多云~阴,东南风,小于3级
1788,2015-12-05,9,3,小雨,西北风,小于3级
1789,2015-12-06,9,5,阴~多云,东南风,小于3级
1790,2015-12-07,13,5,多云~晴,东南风,小于3级
1791,2015-12-08,14,8,多云~阴,东北风,小于3级
1792,2015-12-09,15,12,小雨~中雨,东南风,小于3级
1793,2015-12-10,13,11,小雨,西北风,小于3级
1794,2015-12-11,12,6,阴,东南风,小于3级
1795,2015-12-12,11,6,晴~多云,东北风,小于3级
1796,2015-12-13,12,7,小雨,东南风,小于3级
1797,2015-12-14,10,6,多云,东南风,小于3级
1798,2015-12-15,10,3,多云,东南风,小于3级
1799,2015-12-16,7,0,多云,西北风,小于3级
1800,2015-12-17,5,1,多云,东北风,小于3级
1801,2015-12-18,8,1,晴~多云,东北风,小于3级
1802,2015-12-19,11,6,多云~阴,东南风,小于3级
1803,2015-12-20,12,7,小雨,东南风,小于3级
1804,2015-12-21,11,6,多云~阴,东南风,小于3级
1805,2015-12-22,14,9,阴~小雨,东南风,小于3级
1806,2015-12-23,11,8,阴~小雨,西南风,小于3级
1807,2015-12-24,12,7,小雨~阴,东南风,小于3级
1808,2015-12-25,11,5,多云,东南风,小于3级
1809,2015-12-26,13,5,晴~多云,东南风,小于3级
1810,2015-12-27,12,5,阴~多云,东北风,小于3级
1811,2015-12-28,8,4,多云~晴,东南风,小于3级
1812,2015-12-29,9,4,多云,东南风,小于3级
1813,2015-12-30,12,4,多云,东南风,小于3级
1814,2015-12-31,10,3,晴,东北风,小于3级
1815,2016-01-01,12,4,晴~多云,东南风,小于3级
1816,2016-01-02,16,9,多云~小雨,东南风,小于3级
1817,2016-01-03,15,10,小雨,东南风,小于3级
1818,2016-01-04,15,9,小雨~中雨,东北风,小于3级
1819,2016-01-05,10,7,小雨,东北风,小于3级
1820,2016-01-06,9,5,小雨~多云,西北风,小于3级
1821,2016-01-07,10,4,阴~多云,西北风,小于3级
1822,2016-01-08,8,2,多云,东北风,小于3级
1823,2016-01-09,9,3,多云~阴,西北风,小于3级
1824,2016-01-10,10,7,小雨~中雨,东北风,小于3级
1825,2016-01-11,8,4,小雨,西南风,小于3级
1826,2016-01-12,6,1,阴~多云,西北风,小于3级
1827,2016-01-13,6,0,多云,东南风,小于3级
1828,2016-01-14,6,1,多云,东南风,小于3级
1829,2016-01-15,10,3,晴~多云,东南风,小于3级
1830,2016-01-16,10,4,多云~小雨,东北风,小于3级
1831,2016-01-17,8,3,小雨~多云,西北风,小于3级
1832,2016-01-18,6,-2,多云~晴,西南风,小于3级
1833,2016-01-19,4,-1,晴~多云,西北风,小于3级
1834,2016-01-20,5,1,阴~雨夹雪,东北风,小于3级
1835,2016-01-21,4,2,雨夹雪~小雨,东南风,小于3级
1836,2016-01-22,5,0,雨夹雪~小雪,西北风,小于3级
1837,2016-01-23,-1,-7,小雪~晴,东南风,小于3级
1838,2016-01-24,-4,-7,晴,东南风,小于3级
1839,2016-01-25,2,-5,晴,东南风,小于3级
1840,2016-01-26,6,-2,晴~阴,东南风,小于3级
1841,2016-01-27,7,4,小雨~中雨,东北风,小于3级
1842,2016-01-28,10,6,小雨,东北风,小于3级
1843,2016-01-29,7,4,小雨,东南风,小于3级
1844,2016-01-30,7,3,小雨~阴,西北风,小于3级
1845,2016-01-31,5,1,雨夹雪,西北风,小于3级
1846,2016-02-01,3,-1,阴~多云,东南风,小于3级
1847,2016-02-02,5,0,晴~多云,东南风,小于3级
1848,2016-02-03,7,1,晴~多云,东北风,小于3级
1849,2016-02-04,6,1,阴~多云,西北风,小于3级
1850,2016-02-05,8,1,晴~多云,东南风,小于3级
1851,2016-02-06,6,-1,多云~晴,西北风,小于3级
1852,2016-02-07,9,1,晴~多云,东南风,小于3级
1853,2016-02-08,13,2,晴,东南风,小于3级
1854,2016-02-09,17,6,晴,东北风,小于3级
1855,2016-02-10,18,11,多云~阴,东南风,小于3级
1856,2016-02-11,18,14,阵雨~阴,东南风,小于3级
1857,2016-02-12,20,14,多云~小雨,东南风,小于3级
1858,2016-02-13,17,3,阵雨~阴,西北风,小于3级
1859,2016-02-14,5,-1,雨夹雪~多云,西北风,小于3级
1860,2016-02-15,5,-1,晴,西北风,小于3级
1861,2016-02-16,10,2,晴~多云,东南风,小于3级
1862,2016-02-17,12,4,晴~多云,东南风,小于3级
1863,2016-02-18,15,6,晴~多云,东南风,小于3级
1864,2016-02-19,12,5,阴~多云,西北风,小于3级
1865,2016-02-20,11,3,晴,东南风,小于3级
1866,2016-02-21,11,5,多云~小雨,东南风,小于3级
1867,2016-02-22,8,5,中雨~小雨,东北风,小于3级
1868,2016-02-23,9,3,阴~多云,西南风,小于3级
1869,2016-02-24,9,2,晴,东南风,小于3级
1870,2016-02-25,11,4,晴~多云,东北风,小于3级
1871,2016-02-26,15,7,多云,东南风,小于3级
1872,2016-02-27,18,8,晴~多云,东南风,小于3级
1873,2016-02-28,20,5,多云,西南风,小于3级
1874,2016-02-29,11,2,晴,东北风,小于3级
1875,2016-03-01,11,3,晴~多云,西北风,小于3级
1876,2016-03-02,16,7,多云,东北风,小于3级
1877,2016-03-03,21,12,多云,东南风,小于3级
1878,2016-03-04,23,15,多云~阴,东南风,小于3级
1879,2016-03-05,23,10,阵雨,东南风,小于3级
1880,2016-03-06,16,9,多云,东北风,小于3级
1881,2016-03-07,19,10,多云~小雨,东风,小于3级
1882,2016-03-08,12,5,中雨,东北风,小于3级
1883,2016-03-09,8,4,阴,西北风,小于3级
1884,2016-03-10,7,1,阴~多云,西北风,小于3级
1885,2016-03-11,10,3,晴~多云,东南风,小于3级
1886,2016-03-12,13,6,多云~小雨,东北风,小于3级
1887,2016-03-13,10,5,小雨~多云,西南风,小于3级
1888,2016-03-14,13,5,晴~多云,东南风,小于3级
1889,2016-03-15,13,7,多云~阴,东南风,小于3级
1890,2016-03-16,18,10,多云,东南风,小于3级
1891,2016-03-17,18,12,阴~小雨,东北风,小于3级
1892,2016-03-18,19,12,小雨,东北风,小于3级
1893,2016-03-19,17,9,阴~多云,东北风,小于3级
1894,2016-03-20,18,9,多云,东北风,小于3级
1895,2016-03-21,15,10,多云~阴,东北风,小于3级
1896,2016-03-22,16,10,小雨,东风,小于3级
1897,2016-03-23,12,7,阴,东南风,小于3级
1898,2016-03-24,11,6,多云,东南风,小于3级
1899,2016-03-25,13,5,多云,东南风,小于3级
1900,2016-03-26,15,8,多云,东南风,小于3级
1901,2016-03-27,17,9,多云~晴,东南风,小于3级
1902,2016-03-28,20,11,晴~多云,东南风,小于3级
1903,2016-03-29,22,14,多云~阴,东南风,小于3级
1904,2016-03-30,20,12,小雨,西北风,小于3级
1905,2016-03-31,16,11,小雨~多云,东南风,小于3级
1906,2016-04-01,22,11,多云,东南风,小于3级
1907,2016-04-02,20,14,雷阵雨~大雨,东南风,小于3级
1908,2016-04-03,17,12,阵雨~阴,东北风,小于3级
1909,2016-04-04,18,11,多云,东南风,小于3级
1910,2016-04-05,18,13,阴~中雨,东北风,小于3级
1911,2016-04-06,18,13,中雨~大雨,东北风,小于3级
1912,2016-04-07,17,12,小雨~多云,东南风,小于3级
1913,2016-04-08,21,14,多云,东南风,小于3级
1914,2016-04-09,23,14,多云~阴,西南风,小于3级
1915,2016-04-10,22,14,多云,东南风,小于3级
1916,2016-04-11,21,14,多云~小雨,东南风,小于3级
1917,2016-04-12,18,15,小雨~阴,东南风,小于3级
1918,2016-04-13,25,15,多云,东北风,小于3级
1919,2016-04-14,26,15,多云,东北风,小于3级
1920,2016-04-15,22,16,多云~小雨,东北风,小于3级
1921,2016-04-16,21,15,中雨~阴,西北风,小于3级
1922,2016-04-17,22,13,多云~小雨,东南风,小于3级
1923,2016-04-18,20,13,多云,东北风,小于3级
1924,2016-04-19,22,15,多云~阴,东北风,小于3级
1925,2016-04-20,20,16,中雨~大雨,东南风,小于3级
1926,2016-04-21,23,16,小雨~多云,东南风,小于3级
1927,2016-04-22,27,16,多云~中雨,东北风,小于3级
1928,2016-04-23,17,14,中雨~小雨,东北风,小于3级
1929,2016-04-24,19,14,阴,东南风,小于3级
1930,2016-04-25,18,14,小雨,东北风,小于3级
1931,2016-04-26,18,14,中雨,东北风,小于3级
1932,2016-04-27,16,13,阴,东南风,小于3级
1933,2016-04-28,22,14,多云,东南风,小于3级
1934,2016-04-29,26,16,晴,东南风,小于3级
1935,2016-04-30,28,17,晴,东北风,小于3级
1936,2016-05-01,28,19,多云~阵雨,东北风,小于3级
1937,2016-05-02,25,20,中雨~小雨,东南风,小于3级
1938,2016-05-03,26,17,晴,东南风,小于3级
1939,2016-05-04,29,20,晴~阴,东北风,小于3级
1940,2016-05-05,25,20,中雨,东南风,小于3级
1941,2016-05-06,28,18,多云,东北风,小于3级
1942,2016-05-07,22,16,阵雨~中雨,东南风,小于3级
1943,2016-05-08,20,16,小雨~阵雨,东北风,小于3级
1944,2016-05-09,21,16,小雨,西北风,小于3级
1945,2016-05-10,19,15,小雨~多云,东南风,小于3级
1946,2016-05-11,25,17,晴,东北风,小于3级
1947,2016-05-12,28,19,晴,东南风,小于3级
1948,2016-05-13,22,18,多云,东南风,小于3级
1949,2016-05-14,24,18,阴~多云,东北风,小于3级
1950,2016-05-15,26,15,中雨,西北风,小于3级
1951,2016-05-16,24,15,晴,东南风,小于3级
1952,2016-05-17,26,16,晴~多云,东南风,小于3级
1953,2016-05-18,26,17,多云,东南风,小于3级
1954,2016-05-19,25,19,多云~阴,东南风,小于3级
1955,2016-05-20,24,20,小雨~中雨,东南风,小于3级
1956,2016-05-21,21,18,中雨~小雨,东南风,小于3级
1957,2016-05-22,24,19,阴,东南风,小于3级
1958,2016-05-23,26,20,多云~小雨,东南风,小于3级
1959,2016-05-24,24,19,小雨~多云,东南风,小于3级
1960,2016-05-25,28,21,多云~小雨,西南风,小于3级
1961,2016-05-26,25,20,小雨~中雨,东南风,小于3级
1962,2016-05-27,22,19,中雨~小雨,东南风,小于3级
1963,2016-05-28,22,19,大雨~中雨,东南风,小于3级
1964,2016-05-29,23,19,小雨~阴,东南风,小于3级
1965,2016-05-30,26,20,阴,东南风,小于3级
1966,2016-05-31,27,20,阵雨~暴雨,东北风,小于3级
1967,2016-06-01,22,18,小雨~多云,东南风,小于3级
1968,2016-06-02,26,20,多云~小雨,东北风,小于3级
1969,2016-06-03,21,17,中雨~小雨,东南风,小于3级
1970,2016-06-04,25,19,阴~多云,西北风,小于3级
1971,2016-06-05,25,20,多云,西北风,
1972,2016-06-06,27,20,多云~雷阵雨,东南风,
1973,2016-06-07,26,21,小雨~雷阵雨,东北风,小于3级
1974,2016-06-08,26,21,小雨,东北风,小于3级
1975,2016-06-09,25,21,阴~多云,东南风,小于3级
1976,2016-06-10,27,22,多云~阴,东南风,小于3级
1977,2016-06-11,30,23,阵雨,东南风,小于3级
1978,2016-06-12,24,21,大雨~小雨,东南风,小于3级
1979,2016-06-13,28,21,多云,东南风,小于3级
1980,2016-06-14,31,23,晴~多云,东北风,小于3级
1981,2016-06-15,32,22,雷阵雨~阵雨,东南风,小于3级
1982,2016-06-16,26,21,小雨~多云,东南风,小于3级
1983,2016-06-17,31,23,晴~多云,东北风,小于3级
1984,2016-06-18,30,24,多云~雷阵雨,西北风,小于3级
1985,2016-06-19,32,25,阴~阵雨,东南风,小于3级
1986,2016-06-20,29,25,雷阵雨~阴,东南风,小于3级
1987,2016-06-21,32,25,多云,东南风,小于3级
1988,2016-06-22,30,25,大雨~阵雨,东南风,小于3级
1989,2016-06-23,34,26,雷阵雨~多云,东北风,小于3级
1990,2016-06-24,34,22,雷阵雨~中雨,东南风,小于3级
1991,2016-06-25,23,19,小雨~多云,东南风,小于3级
1992,2016-06-26,26,21,多云~小雨,东南风,小于3级
1993,2016-06-27,24,21,中雨,东南风,小于3级
1994,2016-06-28,25,22,大雨~暴雨,东南风,小于3级
1995,2016-06-29,26,23,阵雨,东南风,小于3级
1996,2016-06-30,34,26,多云~阵雨,东北风,小于3级
1997,2016-07-01,31,26,阵雨,东南风,小于3级
1998,2016-07-02,30,25,雷阵雨~阵雨,东南风,小于3级
1999,2016-07-03,30,26,中雨~雷阵雨,东南风,小于3级
2000,2016-07-04,32,27,阴~多云,,小于3级
2001,2016-07-05,35,27,雷阵雨~多云,,小于3级
2002,2016-07-06,34,27,多云,,小于3级
2003,2016-07-07,32,26,阵雨~多云,,小于3级
2004,2016-07-08,32,26,多云~阵雨,,小于3级
2005,2016-07-09,30,26,阵雨,,小于3级
2006,2016-07-10,29,26,阵雨~中雨,,小于3级
2007,2016-07-11,28,26,中雨~阵雨,,小于3级
2008,2016-07-12,32,27,雷阵雨~多云,北风,小于3级
2009,2016-07-13,34,27,雷阵雨,东南风,小于3级
2010,2016-07-14,32,26,中雨转阵雨,东南风,小于3级
2011,2016-07-15,34,26,中雨转阵雨,北风,小于3级
2012,2016-07-16,28,24,阵雨转阴,东南风,小于3级
2013,2016-07-17,33,26,多云转阵雨,东南风,小于3级
2014,2016-07-18,32,27,雷阵雨转多云,东南风,小于3级
2015,2016-07-19,32,28,雷阵雨,东南风,小于3级
2016,2016-07-20,36,28,晴,北风,小于3级
2017,2016-07-21,38,30,晴,北风,小于3级
2018,2016-07-22,39,30,晴,西北风,小于3级
2019,2016-07-23,38,29,多云,东北风,小于3级
2020,2016-07-24,38,28,晴,东南风,小于3级
2021,2016-07-25,36,28,晴,东北风,小于3级
2022,2016-07-26,37,29,晴,东风,小于3级
2023,2016-07-27,39,30,晴,东南风,小于3级
2024,2016-07-28,39,30,晴,东南风,小于3级
2025,2016-07-29,39,29,雷阵雨,北风,小于3级
2026,2016-07-30,36,28,晴,东南风,小于3级
2027,2016-07-31,35,28,多云,北风,小于3级
2028,2016-08-01,34,28,多云,东南风,微风
2029,2016-08-02,34,28,雷阵雨,东南风,1级
2030,2016-08-03,32,26,中雨,东南风,微风
2031,2016-08-04,32,27,雷阵雨,东风,1级
2032,2016-08-05,33,27,雷阵雨,东南风,微风
2033,2016-08-06,33,27,多云,北风,微风
2034,2016-08-07,34,27,多云,东南风,1级
2035,2016-08-08,34,27,阵雨,东南风,1级
2036,2016-08-09,34,28,多云,东南风,1级
2037,2016-08-10,34,28,多云,西北风,1级
2038,2016-08-11,35,28,多云,西北风,1级
2039,2016-08-12,34,28,多云,东南风,1级
2040,2016-08-13,35,28,多云,东北风,1级
2041,2016-08-14,36,28,多云,北风,1级
2042,2016-08-15,35,28,晴,东南风,1级
2043,2016-08-16,35,28,多云,东南风,1级
2044,2016-08-17,35,28,多云,东风,1级
2045,2016-08-18,36,28,多云,东南风,1级
2046,2016-08-19,36,29,晴,东南风,微风
2047,2016-08-20,37,28,雷阵雨,东南风,1级
2048,2016-08-21,35,28,雷阵雨,北风,微风
2049,2016-08-22,35,28,多云,东风,1级
2050,2016-08-23,34,26,多云,东北风,1级
2051,2016-08-24,34,26,晴,北风,微风
2052,2016-08-25,35,27,多云,北风,1级
2053,2016-08-26,34,26,阵雨,西北风,1级
2054,2016-08-27,31,23,多云,西北风,1级
2055,2016-08-28,30,22,多云,东北风,1级
2056,2016-08-29,31,23,多云,西风,1级
2057,2016-08-30,31,23,晴,北风,微风
2058,2016-08-31,34,25,晴,北风,微风
2059,2016-09-01,33,26,多云,北风,微风
2060,2016-09-02,34,25,晴,东南风,微风
2061,2016-09-03,35,25,晴,东南风,1级
2062,2016-09-04,33,25,多云,东北风,1级
2063,2016-09-05,30,25,小雨,东北风,1级
2064,2016-09-06,27,22,阵雨,东南风,1级
2065,2016-09-07,24,20,小雨,东南风,微风
2066,2016-09-08,29,22,多云,东南风,微风
2067,2016-09-09,31,23,多云,东北风,1级
2068,2016-09-10,29,24,阴,东南风,1级
2069,2016-09-11,26,23,小雨,北风,微风
2070,2016-09-12,29,23,多云,东南风,1级
2071,2016-09-13,30,23,多云,北风,微风
2072,2016-09-14,24,22,中雨,东南风,微风
2073,2016-09-15,26,23,大雨,东北风,1级
2074,2016-09-16,27,23,阵雨,东南风,1级
2075,2016-09-17,27,23,阵雨,西南风,1级
2076,2016-09-18,28,23,阵雨,西北风,1级
2077,2016-09-19,27,21,小雨,东风,1级
2078,2016-09-20,26,20,多云,东南风,1级
2079,2016-09-21,27,20,多云,东南风,微风
2080,2016-09-22,27,21,多云,东北风,1级
2081,2016-09-23,27,21,多云,东北风,1级
2082,2016-09-24,28,22,多云,东风,1级
2083,2016-09-25,29,23,多云,东南风,1级
2084,2016-09-26,31,24,多云,东南风,1级
2085,2016-09-27,30,25,阵雨,东南风,1级
2086,2016-09-28,28,22,中雨,东北风,1级
2087,2016-09-29,25,22,大雨,北风,微风
2088,2016-09-30,28,23,阵雨,东南风,微风
2089,2016-10-01,29,24,阵雨,东南风,1级
2090,2016-10-02,32,24,多云,东南风,1级
2091,2016-10-03,26,22,阴,北风,微风
2092,2016-10-04,26,22,阴,东南风,1级
2093,2016-10-05,27,22,多云,东南风,微风
2094,2016-10-06,26,22,小雨,东北风,1级
2095,2016-10-07,25,20,小雨,东南风,微风
2096,2016-10-08,22,17,小雨,南风,1级
2097,2016-10-09,22,18,多云,东风,1级
2098,2016-10-10,22,18,多云,东南风,1级
2099,2016-10-11,25,19,阴,东北风,1级
2100,2016-10-12,23,19,阴,东北风,1级
2101,2016-10-13,23,19,阴,东南风,1级
2102,2016-10-14,23,19,小雨,东南风,1级
2103,2016-10-15,25,21,阴,东南风,1级
2104,2016-10-16,26,20,阴,西风,1级
2105,2016-10-17,25,20,阴,东北风,1级
2106,2016-10-18,25,20,阴,东南风,微风
2107,2016-10-19,24,20,小雨,东南风,1级
2108,2016-10-20,23,20,阵雨,东南风,1级
2109,2016-10-21,21,0,中雨,东北风,小于3级
2110,2016-10-22,23,19,大雨,东北风,1级
2111,2016-10-23,23,18,阴,东南风,1级
2112,2016-10-24,24,20,阴,东南风,微风
2113,2016-10-25,22,18,阴,东南风,微风
2114,2016-10-26,21,19,大雨,东北风,1级
2115,2016-10-27,22,18,阵雨,东南风,微风
2116,2016-10-28,20,15,小雨,西北风,1级
2117,2016-10-29,17,13,阴,东南风,微风
2118,2016-10-30,18,14,阴,东南风,1级
2119,2016-10-31,17,13,小雨,东风,1级
2120,2016-11-01,16,10,多云,东风,1级
2121,2016-11-02,17,10,晴,东南风,微风
2122,2016-11-03,18,12,晴,东南风,微风
2123,2016-11-04,20,13,晴,北风,微风
2124,2016-11-05,23,15,晴,东南风,微风
2125,2016-11-06,23,16,多云,东南风,微风
2126,2016-11-07,23,14,小雨,东南风,微风
2127,2016-11-08,13,10,小雨,西北风,1级
2128,2016-11-09,14,11,阴,东南风,1级
2129,2016-11-10,15,9,小雨,东南风,1级
2130,2016-11-11,19,10,晴,东南风,1级
2131,2016-11-12,21,14,多云,东南风,微风
2132,2016-11-13,20,15,小雨,东南风,微风
2133,2016-11-14,20,14,阴,北风,微风
2134,2016-11-15,18,11,多云,东风,1级
2135,2016-11-16,18,14,多云,东南风,1级
2136,2016-11-17,18,16,小雨,东南风,微风
2137,2016-11-18,24,17,阴,东南风,微风
2138,2016-11-19,17,0,小雨,东南风,小于3级
2139,2016-11-20,20,16,阵雨,东北风,1级
2140,2016-11-21,21,15,小雨,西北风,1级
2141,2016-11-22,13,7,小雨,南风,1级
2142,2016-11-23,8,4,小雨,西北风,1级
2143,2016-11-24,9,3,多云,东南风,1级
2144,2016-11-25,11,8,阴,东南风,微风
2145,2016-11-26,11,6,小雨,西风,1级
2146,2016-11-27,12,7,多云,东南风,1级
2147,2016-11-28,13,9,晴,东北风,1级
2148,2016-11-29,13,9,阴,东南风,微风
2149,2016-11-30,15,8,阴,东南风,微风
2150,2016-12-01,14,8,多云,东南风,微风
2151,2016-12-02,14,9,多云,东南风,微风
2152,2016-12-03,15,9,多云,东南风,微风
2153,2016-12-04,16,8,阴,东南风,微风
2154,2016-12-05,18,8,多云,东南风,微风
2155,2016-12-06,11,5,多云,东南风,微风
2156,2016-12-07,14,8,晴,北风,微风
2157,2016-12-08,16,8,晴,东南风,微风
2158,2016-12-09,15,8,晴,东北风,1级
2159,2016-12-10,13,9,多云,北风,1级
2160,2016-12-11,14,10,多云,北风,微风
2161,2016-12-12,17,11,多云,东南风,微风
2162,2016-12-13,15,7,小雨,西风,1级
2163,2016-12-14,9,2,多云,西风,1级
2164,2016-12-15,7,2,晴,北风,微风
2165,2016-12-16,8,3,晴,东南风,微风
2166,2016-12-17,12,5,晴,东南风,1级
2167,2016-12-18,16,10,多云,东南风,微风
2168,2016-12-19,17,13,多云,东风,1级
2169,2016-12-20,15,13,中雨,东南风,1级
2170,2016-12-21,18,9,小雨,北风,微风
2171,2016-12-22,10,6,阴,西北风,1级
2172,2016-12-23,10,5,多云,北风,1级
2173,2016-12-24,11,8,阴,东北风,1级
2174,2016-12-25,11,8,阴,东风,1级
2175,2016-12-26,12,5,小雨,西风,1级
2176,2016-12-27,6,1,阴,西风,2级
2177,2016-12-28,6,2,阴,东南风,1级
2178,2016-12-29,7,3,多云,西北风,1级
2179,2016-12-30,9,4,多云,东南风,1级
2180,2016-12-31,13,6,晴,东南风,微风
2181,2017-01-01,14,9,多云,北风,微风
2182,2017-01-02,15,8,多云,西北风,1级
2183,2017-01-03,14,8,晴,东北风,1级
2184,2017-01-04,15,11,小雨,东南风,1级
2185,2017-01-05,12,10,中雨,东北风,1级
2186,2017-01-06,14,11,小雨,东南风,1级
2187,2017-01-07,14,8,小雨,东南风,1级
2188,2017-01-08,10,5,小雨,东南风,1级
2189,2017-01-09,8,4,多云,东南风,1级
2190,2017-01-10,9,6,多云,东南风,1级
2191,2017-01-11,9,5,小雨,北风,微风
2192,2017-01-12,7,3,小雨,东南风,1级
2193,2017-01-13,10,2,晴,东南风,1级
2194,2017-01-14,8,3,多云,西风,1级
2195,2017-01-15,7,2,多云,东风,1级
2196,2017-01-16,8,4,多云,东南风,1级
2197,2017-01-17,11,7,阴,北风,微风
2198,2017-01-18,9,7,小雨,东风,1级
2199,2017-01-19,9,0,阴,西风,1级
2200,2017-01-20,4,-1,晴,东南风,1级
2201,2017-01-21,6,0,晴,东南风,微风
2202,2017-01-22,6,0,晴,西北风,1级
2203,2017-01-23,7,1,晴,东南风,1级
2204,2017-01-24,9,2,多云,东风,1级
2205,2017-01-25,10,4,多云,东风,1级
2206,2017-01-26,12,5,晴,东南风,1级
2207,2017-01-27,10,6,多云,东北风,1级
2208,2017-01-28,15,8,多云,北风,微风
2209,2017-01-29,20,4,多云,西北风,1级
2210,2017-01-30,6,2,多云,西风,1级
2211,2017-01-31,6,3,多云,西风,1级
2212,2017-02-01,7,4,多云,西南风,1级
2213,2017-02-02,8,5,多云,东北风,1级
2214,2017-02-03,9,7,小雨,东南风,微风
2215,2017-02-04,10,6,小雨,东南风,微风
2216,2017-02-05,10,4,阴,东南风,微风
2217,2017-02-06,10,4,晴,东北风,1级
2218,2017-02-07,9,5,阴,东北风,1级
2219,2017-02-08,6,0,小雨,南风,1级
2220,2017-02-09,5,-1,小雪,西风,1级
2221,2017-02-10,6,-1,晴,北风,微风
2222,2017-02-11,8,1,晴,东南风,微风
2223,2017-02-12,11,2,晴,东南风,1级
2224,2017-02-13,13,4,晴,北风,微风
2225,2017-02-14,15,5,晴,北风,微风
2226,2017-02-15,16,7,晴,北风,1级
2227,2017-02-16,17,9,阵雨,东南风,1级
2228,2017-02-17,10,5,小雨,东北风,1级
2229,2017-02-18,12,6,多云,西风,1级
2230,2017-02-19,18,8,多云,北风,微风
2231,2017-02-20,14,5,小雨,西北风,1级
2232,2017-02-21,11,6,阴,西风,1级
2233,2017-02-22,9,5,小雨,西南风,1级
2234,2017-02-23,7,2,阴,北风,微风
2235,2017-02-24,9,2,多云,东南风,1级
2236,2017-02-25,12,4,多云,东风,1级
2237,2017-02-26,14,6,多云,东南风,1级
2238,2017-02-27,14,7,晴,东南风,1级
2239,2017-02-28,15,7,晴,东风,1级
2240,2017-03-01,16,3,阴,北风,微风
2241,2017-03-02,10,3,晴,东南风,1级
2242,2017-03-03,13,6,晴,南风,1级
2243,2017-03-05,13,8,小雨,北风,微风
2244,2017-03-06,12,4,多云,东南风,1级
2245,2017-03-07,14,5,晴,东风,1级
2246,2017-03-08,13,5,晴,东风,1级
2247,2017-03-09,17,8,晴,北风,微风
2248,2017-03-10,18,11,多云,东风,1级
2249,2017-03-11,16,11,多云,东南风,1级
2250,2017-03-12,14,9,小雨,东北风,1级
2251,2017-03-13,10,6,小雨,西北风,1级
2252,2017-03-14,12,5,晴,北风,1级
2253,2017-03-15,14,7,多云,东北风,1级
2254,2017-03-16,12,7,阴,东南风,1级
2255,2017-03-17,14,8,多云,西北风,1级
2256,2017-03-18,14,11,阴,东南风,1级
2257,2017-03-19,14,10,小雨,东南风,1级
2258,2017-03-20,13,9,小雨,南风,1级
2259,2017-03-21,15,8,多云,东风,2级
2260,2017-03-22,11,9,小雨,北风,微风
2261,2017-03-23,11,8,小雨,东风,2级
2262,2017-03-24,12,8,小雨,东南风,3级
2263,2017-03-25,15,8,多云,东南风,2级
2264,2017-03-26,17,9,多云,东南风,1级
2265,2017-03-27,19,12,晴,东南风,2级
2266,2017-03-28,21,11,多云,西风,2级
2267,2017-03-29,16,11,多云,东南风,2级
2268,2017-03-30,13,9,小雨,东北风,3级
2269,2017-03-31,15,7,阴,西北风,3级
2270,2017-04-01,16,9,多云,西北风,2级
2271,2017-04-02,21,11,晴,东北风,2级
2272,2017-04-03,22,13,晴,东南风,2级
2273,2017-04-04,19,15,多云,东风,3级
2274,2017-04-05,22,16,小雨,南风,1级
2275,2017-04-06,21,15,中雨,东北风,2级
2276,2017-04-07,16,13,阵雨,东南风,1级
2277,2017-04-08,22,12,多云,东风,4级
2278,2017-04-09,14,11,阵雨,东风,2级
2279,2017-04-10,14,11,小雨,东南风,3级
2280,2017-04-11,14,11,阴,东南风,1级
2281,2017-04-12,18,10,多云,东南风,3级
2282,2017-04-13,22,13,晴,东南风,4级
2283,2017-04-14,26,16,晴,东北风,1级
2284,2017-04-15,18,0,晴,东南风,小于3级
2285,2017-04-16,27,19,多云,东风,2级
2286,2017-04-17,24,16,中雨,东南风,2级
2287,2017-04-18,28,15,晴,东北风,3级
2288,2017-04-19,25,17,多云,西北风,2级
2289,2017-04-20,24,15,阴,西北风,3级
2290,2017-04-21,22,14,阴,东风,2级
2291,2017-04-22,21,12,多云,西风,2级
2292,2017-04-23,23,14,晴,东南风,4级
2293,2017-04-24,25,17,晴,东北风,2级
2294,2017-04-25,24,16,阵雨,东风,2级
2295,2017-04-26,20,14,小雨,东南风,3级
2296,2017-04-27,22,14,多云,东南风,1级
2297,2017-04-28,26,17,晴,东南风,1级
2298,2017-04-29,28,18,晴,东南风,1级
2299,2017-04-30,30,19,晴,东南风,2级
2300,2017-05-01,29,19,多云,西风,2级
2301,2017-05-02,21,18,阵雨,东北风,3级
2302,2017-05-03,22,18,阴,东北风,3级
2303,2017-05-04,21,18,小雨,东南风,2级
2304,2017-05-05,22,17,阴,东南风,2级
2305,2017-05-06,24,17,多云,东北风,3级
2306,2017-05-07,25,18,多云,东南风,2级
2307,2017-05-08,20,16,中雨,东南风,1级
2308,2017-05-09,25,18,多云,东南风,2级
2309,2017-05-10,31,21,晴,东南风,2级
2310,2017-05-11,33,19,多云,东南风,1级
2311,2017-05-12,22,17,中雨,东南风,2级
2312,2017-05-13,31,19,晴,东北风,2级
2313,2017-05-14,27,19,多云,东北风,3级
2314,2017-05-15,24,18,阴,东北风,2级
2315,2017-05-16,22,17,阵雨,东南风,2级
2316,2017-05-17,28,18,晴,东南风,2级
2317,2017-05-18,29,19,晴,东南风,2级
2318,2017-05-19,27,20,多云,西南风,3级
2319,2017-05-20,27,20,多云,东风,2级
2320,2017-05-21,28,20,多云,东南风,3级
2321,2017-05-22,28,21,多云,东南风,2级
2322,2017-05-23,25,20,阵雨,东风,2级
2323,2017-05-24,22,18,小雨,东南风,2级
2324,2017-05-25,28,19,多云,东南风,1级
2325,2017-05-26,27,19,晴,东风,3级
2326,2017-05-27,31,21,晴,东南风,2级
2327,2017-05-28,32,21,晴,东风,2级
2328,2017-05-29,32,22,晴,东南风,3级
2329,2017-05-30,31,23,多云,东风,2级
2330,2017-05-31,31,24,阵雨,东南风,3级
2331,2017-06-01,32,23,阵雨,东南风,2级
2332,2017-06-02,29,19,多云,东南风,3级
2333,2017-06-03,29,20,晴,东北风,2级
2334,2017-06-04,28,21,晴,东风,2级
2335,2017-06-05,24,20,中雨,东风,3级
2336,2017-06-06,28,21,阴,西南风,2级
2337,2017-06-07,30,21,多云,东南风,1级
2338,2017-06-08,30,23,晴,东北风,2级
2339,2017-06-09,30,23,多云,东南风,2级
2340,2017-06-10,25,22,暴雨,东风,2级
2341,2017-06-11,29,22,多云,东南风,2级
2342,2017-06-12,24,20,中雨,东南风,2级
2343,2017-06-13,23,20,阵雨,东南风,1级
2344,2017-06-14,27,20,多云,东风,2级
2345,2017-06-15,27,20,多云,东北风,1级
2346,2017-06-16,28,20,多云,东北风,2级
2347,2017-06-17,29,21,晴,东南风,2级
2348,2017-06-18,29,23,多云,东北风,2级
2349,2017-06-19,26,22,阵雨,东北风,1级
2350,2017-06-20,29,23,阵雨,东南风,1级
2351,2017-06-21,26,23,阵雨,东南风,2级
2352,2017-06-22,25,22,阵雨,东南风,2级
2353,2017-06-23,28,23,阵雨,东北风,2级
2354,2017-06-24,27,23,阵雨,东南风,1级
2355,2017-06-25,26,22,小雨,东南风,1级
2356,2017-06-26,28,23,雷阵雨,东北风,2级
2357,2017-06-27,29,23,雷阵雨,东南风,2级
2358,2017-06-28,26,23,阵雨,北风,1级
2359,2017-06-29,27,24,小雨,东南风,微风
2360,2017-06-30,30,24,阴,东南风,微风
2361,2017-07-01,32,26,小雨,东南风,1级
2362,2017-07-02,33,26,阴,北风,1级
2363,2017-07-03,33,26,中雨,西北风,1级
2364,2017-07-04,33,26,小雨,西北风,1级
2365,2017-07-05,34,27,阴,北风,微风
2366,2017-07-06,35,27,阵雨,东南风,1级
2367,2017-07-07,36,27,雷阵雨,西北风,1级
2368,2017-07-08,36,28,中雨,北风,1级
2369,2017-07-09,35,27,小雨,东南风,1级
2370,2017-07-10,36,28,雷阵雨,北风,微风
2371,2017-07-11,35,28,阴,东南风,1级
2372,2017-07-12,37,29,多云,东南风,1级
2373,2017-07-13,37,29,多云,东南风,1级
2374,2017-07-14,37,29,多云,东南风,1级
2375,2017-07-15,38,29,多云,东北风,1级
2376,2017-07-16,37,29,晴,西北风,1级
2377,2017-07-17,37,29,晴,东北风,1级
2378,2017-07-18,38,30,多云,北风,微风
2379,2017-07-19,38,30,多云,北风,1级
2380,2017-07-20,39,30,晴,北风,微风
2381,2017-07-21,39,30,晴,北风,微风
2382,2017-07-22,40,31,多云,北风,1级
2383,2017-07-23,40,30,晴,东南风,1级
2384,2017-07-24,40,30,晴,北风,1级
2385,2017-07-25,40,29,多云,东风,1级
2386,2017-07-26,37,29,阴,东北风,1级
2387,2017-07-27,37,29,多云,西北风,1级
2388,2017-07-28,37,29,多云,东北风,1级
2389,2017-07-29,35,29,小雨,东北风,1级
2390,2017-07-30,33,28,大雨,东南风,1级
2391,2017-07-31,34,28,小雨,东北风,1级
2392,2017-08-01,35,28,阴,北风,1级
2393,2017-08-02,35,29,多云,北风,1级
2394,2017-08-03,37,29,多云,东风,1级
2395,2017-08-04,37,29,多云,东南风,微风
2396,2017-08-05,35,28,小雨,东南风,微风
2397,2017-08-06,35,28,多云,东南风,1级
2398,2017-08-07,38,29,雷阵雨,北风,1级
2399,2017-08-08,35,27,小雨,北风,1级
2400,2017-08-09,29,26,大雨,北风,微风
2401,2017-08-10,34,27,阴,东南风,微风
2402,2017-08-11,36,28,阴,东南风,1级
2403,2017-08-12,32,28,小雨,东北风,1级
2404,2017-08-13,34,28,中雨,北风,微风
2405,2017-08-14,33,26,大雨,东南风,微风
2406,2017-08-15,32,26,小雨,西风,2级
2407,2017-08-16,32,26,小雨,东南风,2级
2408,2017-08-17,33,26,小雨,东南风,1级
2409,2017-08-18,33,26,小雨,东南风,1级
2410,2017-08-19,36,26,多云,东北风,1级
2411,2017-08-20,32,26,中雨,东南风,1级
2412,2017-08-21,34,27,阴,北风,1级
2413,2017-08-22,34,28,小雨,东南风,1级
2414,2017-08-23,35,28,多云,西风,1级
2415,2017-08-24,36,29,多云,北风,微风
2416,2017-08-25,35,26,雷阵雨,西南风,1级
2417,2017-08-26,31,27,小雨,东风,1级
2418,2017-08-27,33,28,多云,东北风,1级
2419,2017-08-28,36,27,多云,东南风,2级
2420,2017-08-29,32,26,大雨,东北风,2级
2421,2017-08-30,30,25,阴,北风,1级
2422,2017-08-31,27,24,阴,东北风,1级
2423,2017-09-01,29,24,阴,东北风,1级
2424,2017-09-02,30,26,多云,东南风,1级
2425,2017-09-03,29,25,阴,东北风,1级
2426,2017-09-04,32,26,阴,北风,1级
2427,2017-09-05,34,26,小雨,北风,1级
2428,2017-09-06,32,24,小雨,东南风,1级
2429,2017-09-07,27,23,小雨,东南风,微风
2430,2017-09-08,29,24,多云,东风,1级
2431,2017-09-09,27,25,小雨,东北风,1级
2432,2017-09-10,32,24,阴,东风,1级
2433,2017-09-11,29,24,小雨,东南风,微风
2434,2017-09-12,29,23,阴,东北风,1级
2435,2017-09-13,29,23,多云,东风,2级
2436,2017-09-14,29,24,多云,西南风,1级
2437,2017-09-15,27,23,小雨,北风,1级
2438,2017-09-16,27,22,阴,东南风,1级
2439,2017-09-17,29,21,多云,东南风,微风
2440,2017-09-18,31,23,晴,东南风,1级
2441,2017-09-19,29,23,小雨,东南风,1级
2442,2017-09-20,22,20,中雨,东南风,1级
2443,2017-09-21,24,20,小雨,北风,微风
2444,2017-09-22,25,21,小雨,东南风,1级
2445,2017-09-23,23,21,中雨,东南风,1级
2446,2017-09-24,23,21,中雨,东南风,微风
2447,2017-09-25,25,23,中雨,东南风,微风
2448,2017-09-26,30,24,阴,东南风,微风
2449,2017-09-27,28,22,阴,北风,微风
2450,2017-09-28,24,19,小雨,东南风,微风
2451,2017-09-29,27,21,多云,东南风,微风
2452,2017-09-30,23,21,小雨,东北风,1级
2453,2017-10-01,31,22,小雨,东南风,1级
2454,2017-10-02,26,20,小雨,东南风,1级
2455,2017-10-03,24,20,阴,东北风,1级
2456,2017-10-04,22,18,阴,西风,1级
2457,2017-10-05,21,18,小雨,东南风,1级
2458,2017-10-06,23,18,阴,东南风,1级
2459,2017-10-07,26,20,晴,东南风,1级
2460,2017-10-08,28,21,晴,东北风,1级
2461,2017-10-09,29,23,多云,东南风,1级
2462,2017-10-10,30,23,多云,北风,1级
2463,2017-10-11,23,19,小雨,东北风,1级
2464,2017-10-12,20,17,小雨,东南风,1级
2465,2017-10-13,21,18,阴,东风,1级
2466,2017-10-14,21,18,小雨,西风,1级
2467,2017-10-15,20,17,中雨,东北风,1级
2468,2017-10-16,20,17,小雨,东风,2级
2469,2017-10-17,21,17,阴,东风,1级
2470,2017-10-18,22,17,阴,东风,1级
2471,2017-10-19,21,17,小雨,东北风,1级
2472,2017-10-20,23,17,多云,东北风,1级
2473,2017-10-21,22,17,多云,南风,1级
2474,2017-10-22,22,16,多云,西风,1级
2475,2017-10-23,20,13,多云,西北风,1级
2476,2017-10-24,20,13,晴,北风,微风
2477,2017-10-25,20,15,多云,东北风,1级
2478,2017-10-26,14,0,多云,东北风,小于3级
2479,2017-10-27,16,0,晴,北风,小于3级
2480,2017-10-28,15,0,晴,北风,3～4级
2481,2017-10-29,11,0,多云,北风,3～4级
2482,2017-10-30,16,11,多云,东风,1级
2483,2017-10-31,18,13,多云,西北风,1级
2484,2017-11-01,22,14,多云,北风,微风
2485,2017-11-02,23,14,晴,东南风,1级
2486,2017-11-03,22,11,多云,东风,2级
2487,2017-11-04,16,11,多云,东风,1级
2488,2017-11-05,16,13,阴,北风,微风
2489,2017-11-06,22,16,多云,北风,微风
2490,2017-11-07,21,15,阴,北风,微风
2491,2017-11-08,22,13,阴,东风,1级
2492,2017-11-09,21,15,晴,北风,微风
2493,2017-11-10,21,13,阴,东北风,微风
2494,2017-11-11,17,11,多云,东北风,1级
2495,2017-11-12,18,14,阴,北风,微风
2496,2017-11-13,19,14,小雨,北风,微风
2497,2017-11-14,17,14,小雨,北风,微风
2498,2017-11-15,19,13,多云,北风,微风
2499,2017-11-16,17,14,小雨,东北风,微风
2500,2017-11-17,19,12,小雨,东风,1级
2501,2017-11-18,11,6,阴,东南风,1级
2502,2017-11-19,11,7,阴,东北风,1级
2503,2017-11-20,12,8,阴,南风,微风
2504,2017-11-21,12,10,小雨,东风,1级
2505,2017-11-22,13,7,小雨,西北风,微风
2506,2017-11-23,13,5,晴,西风,微风
2507,2017-11-24,14,8,晴,西风,微风
2508,2017-11-25,16,10,多云,西风,微风
2509,2017-11-26,17,9,晴,东北风,微风
2510,2017-11-27,17,12,晴,东北风,1级
2511,2017-11-28,19,12,小雨,西北风,微风
2512,2017-11-29,15,9,小雨,北风,1级
2513,2017-11-30,11,7,阴,东北风,微风
2514,2017-12-01,12,8,多云,东风,1级
2515,2017-12-02,13,9,多云,东北风,微风
2516,2017-12-03,15,9,多云,东北风,微风
2517,2017-12-04,11,5,多云,东风,1级
2518,2017-12-05,8,2,晴,西北风,微风
2519,2017-12-06,11,4,晴,北风,1级
2520,2017-12-07,12,4,多云,北风,微风
2521,2017-12-08,8,3,晴,西北风,4级
2522,2017-12-09,9,4,阴,东风,1级
2523,2017-12-10,11,4,晴,西北风,微风
2524,2017-12-11,10,5,晴,南风,微风
2525,2017-12-12,10,6,多云,东北风,微风
2526,2017-12-13,11,7,多云,东北风,1级
2527,2017-12-14,9,7,小雨,东北风,1级
2528,2017-12-15,9,7,小雨,东南风,1级
2529,2017-12-16,7,0,多云,西风,1级
2530,2017-12-17,5,0,晴,西北风,微风
2531,2017-12-18,8,1,晴,西北风,微风
2532,2017-12-19,10,3,晴,北风,微风
2533,2017-12-20,10,3,晴,西风,1级
2534,2017-12-21,10,5,阴,东北风,微风
2535,2017-12-22,14,6,晴,东北风,微风
2536,2017-12-23,16,8,多云,西北风,微风
2537,2017-12-24,12,3,多云,西北风,1级
2538,2017-12-25,9,4,晴,北风,1级
2539,2017-12-26,11,5,晴,东北风,1级
2540,2017-12-27,12,6,多云,东北风,微风
2541,2017-12-28,11,9,小雨,东南风,微风
2542,2017-12-29,13,9,阴,东风,微风
2543,2017-12-30,11,4,小雨,西北风,微风
2544,2017-12-31,10,3,多云,西北风,1级
2545,2018-01-01,11,6,晴,东北风,微风
2546,2018-01-02,13,9,阴,东风,微风
2547,2018-01-03,9,4,小雨,东风,1级
2548,2018-01-04,6,4,中雨,东风,2级
2549,2018-01-05,6,3,阴,东南风,微风
2550,2018-01-06,8,2,阴,东北风,1级
2551,2018-01-07,11,4,小雨,西风,微风
2552,2018-01-08,4,-1,阴,西北风,微风
2553,2018-01-09,5,0,晴,西北风,微风
2554,2018-01-10,6,-1,晴,西北风,微风
2555,2018-01-11,5,-1,晴,东风,1级
2556,2018-01-12,2,-2,晴,西北风,微风
2557,2018-01-13,7,-1,晴,西北风,微风
2558,2018-01-14,12,4,多云,南风,微风
2559,2018-01-15,15,5,晴,东南风,微风
2560,2018-01-16,14,8,小雨,西北风,2级
2561,2018-01-17,12,6,阴,东北风,1级
2562,2018-01-18,10,7,多云,东风,1级
2563,2018-01-19,10,7,小雨,西风,微风
2564,2018-01-20,9,6,阴,东北风,微风
2565,2018-01-21,9,6,小雨,北风,1级
2566,2018-01-22,11,4,多云,西北风,微风
2567,2018-01-23,8,2,阴,东风,2级
2568,2018-01-24,4,0,阴,东北风,1级
2569,2018-01-25,2,0,中雪,东风,1级
2570,2018-01-26,2,0,阴,北风,1级
2571,2018-01-27,4,1,雨夹雪,东北风,1级
2572,2018-01-28,4,0,小雨,南风,1级
2573,2018-01-29,3,-2,多云,西北风,1级
2574,2018-01-30,4,-2,多云,南风,微风
2575,2018-01-31,3,-1,阴,西南风,1级
2576,2018-02-01,6,0,晴,东风,1级
2577,2018-02-02,7,-1,多云,西风,1级
2578,2018-02-03,2,-2,多云,东风,1级
2579,2018-02-04,2,-2,多云,西南风,1级
2580,2018-02-05,5,-2,多云,西北风,微风
2581,2018-02-06,4,-2,晴,东北风,1级
2582,2018-02-07,7,-1,晴,西北风,微风
2583,2018-02-08,6,1,晴,东北风,1级
2584,2018-02-09,9,4,阴,东南风,微风
2585,2018-02-10,8,0,阴,东风,1级
2586,2018-02-11,8,-1,晴,西北风,微风
2587,2018-02-12,7,0,晴,西北风,微风
2588,2018-02-13,12,3,晴,东风,微风
2589,2018-02-14,17,7,多云,南风,微风
2590,2018-02-15,9,5,小雨,东风,1级
2591,2018-02-16,6,3,小雨,西风,1级
2592,2018-02-17,11,4,晴,东风,1级
2593,2018-02-18,11,7,小雨,东风,1级
2594,2018-02-19,9,6,小雨,东北风,1级
2595,2018-02-20,9,6,中雨,东风,1级
2596,2018-02-21,9,5,阴,东北风,微风
2597,2018-02-22,10,4,多云,西南风,1级
2598,2018-02-23,13,4,多云,东北风,1级
2599,2018-02-24,13,8,小雨,西北风,1级
2600,2018-02-25,10,4,阴,东北风,1级
2601,2018-02-26,13,6,晴,东风,1级
2602,2018-02-27,17,8,多云,西南风,微风
2603,2018-02-28,15,8,小雨,西风,微风
2604,2018-03-01,14,7,多云,东北风,1级
2605,2018-03-02,11,6,小雨,西南风,微风
2606,2018-03-03,18,11,阴,东北风,微风
2607,2018-03-04,25,9,小雨,东南风,微风
2608,2018-03-05,10,7,小雨,东南风,1级
2609,2018-03-06,12,7,阴,东南风,微风
2610,2018-03-07,10,7,小雨,西风,微风
2611,2018-03-08,11,3,阴,东北风,2级
2612,2018-03-09,11,2,晴,西风,1级
2613,2018-03-10,14,6,晴,东风,1级
2614,2018-03-11,18,8,多云,东南风,4级
2615,2018-03-12,21,13,晴,东北风,1级
2616,2018-03-13,24,14,晴,东风,2级
2617,2018-03-14,23,16,阴,东风,1级
2618,2018-03-15,19,9,小雨,东风,1级
2619,2018-03-16,10,7,阴,东风,1级
2620,2018-03-17,13,10,阴,西北风,微风
2621,2018-03-18,15,10,小雨,西南风,微风
2622,2018-03-19,11,7,小雨,北风,1级
2623,2018-03-20,10,6,小雨,西风,微风
2624,2018-03-21,9,5,小雨,西北风,微风
2625,2018-03-22,15,8,多云,南风,微风
2626,2018-03-23,19,9,晴,南风,1级
2627,2018-03-24,21,13,多云,东风,1级
2628,2018-03-25,22,13,多云,东北风,1级
2629,2018-03-26,22,13,多云,西北风,1级
2630,2018-03-27,23,14,晴,北风,1级
2631,2018-03-28,25,14,多云,东风,1级
2632,2018-03-29,24,14,多云,北风,微风
2633,2018-03-30,20,13,阴,北风,1级
2634,2018-03-31,23,14,多云,东风,微风
2635,2018-04-01,27,16,多云,北风,微风
2636,2018-04-02,24,17,小雨,东北风,微风
2637,2018-04-03,26,17,阴,西南风,1级
2638,2018-04-04,16,12,小雨,西风,1级
2639,2018-04-05,16,11,小雨,西风,1级
2640,2018-04-06,16,7,多云,北风,1级
2641,2018-04-07,14,7,晴,西南风,微风
2642,2018-04-08,21,12,晴,西南风,微风
2643,2018-04-09,26,16,晴,东风,1级
2644,2018-04-10,29,17,多云,西北风,微风
2645,2018-04-11,29,16,阴,东北风,1级
2646,2018-04-12,20,15,阴,东北风,1级
2647,2018-04-13,19,15,中雨,东北风,1级
2648,2018-04-14,16,12,小雨,西风,微风
2649,2018-04-15,20,10,阵雨,东南风,1级
2650,2018-04-16,17,10,多云,东南风,微风
2651,2018-04-17,21,12,晴,东北风,微风
2652,2018-04-18,24,14,晴,东南风,微风
2653,2018-04-19,27,16,晴,东北风,微风
2654,2018-04-20,27,17,晴,西南风,1级
2655,2018-04-21,25,19,多云,北风,1级
2656,2018-04-22,28,20,阴,东南风,微风
2657,2018-04-23,25,13,中雨,东北风,1级
2658,2018-04-24,16,12,小雨,西北风,微风
2659,2018-04-25,22,13,晴,东风,1级
2660,2018-04-26,22,15,多云,东北风,微风
2661,2018-04-27,27,15,多云,东北风,微风
2662,2018-04-28,26,18,晴,东南风,微风
2663,2018-04-29,26,20,小雨,东风,1级
2664,2018-04-30,31,22,多云,北风,微风
2665,2018-05-01,28,21,雷阵雨,西风,微风
2666,2018-05-02,26,15,阴,北风,1级
2667,2018-05-03,26,16,晴,西风,微风
2668,2018-05-04,28,18,晴,西北风,微风
2669,2018-05-05,23,21,小雨,西北风,微风
2670,2018-05-06,28,20,中雨,西南风,微风
2671,2018-05-07,22,16,阴,东风,1级
2672,2018-05-08,23,15,阴,东风,微风
2673,2018-05-09,25,16,晴,北风,微风
2674,2018-05-10,23,17,多云,东风,1级
2675,2018-05-11,26,19,多云,东南风,1级
2676,2018-05-12,28,21,小雨,东南风,1级
2677,2018-05-13,29,21,多云,东南风,1级
2678,2018-05-14,31,23,多云,东北风,微风
2679,2018-05-15,34,25,多云,东风,1级
2680,2018-05-16,36,26,晴,东风,1级
2681,2018-05-17,35,24,小雨,东北风,1级
2682,2018-05-18,32,21,阴,东风,1级
2683,2018-05-19,23,20,小雨,东北风,1级
2684,2018-05-20,21,18,小雨,东北风,1级
2685,2018-05-21,22,19,小雨,东风,微风
2686,2018-05-22,25,19,阵雨,北风,微风
2687,2018-05-23,26,17,晴,东北风,微风
2688,2018-05-24,28,20,小雨,东南风,微风
2689,2018-05-25,24,19,大雨,东风,微风
2690,2018-05-26,25,20,阴,东风,1级
2691,2018-05-27,24,20,阴,北风,微风
2692,2018-05-28,29,22,多云,东风,1级
2693,2018-05-29,26,21,小雨,东南风,微风
2694,2018-05-30,27,20,阴,东南风,微风
2695,2018-05-31,21,18,小雨,东南风,微风
2696,2018-06-01,27,19,晴,东北风,微风
2697,2018-06-02,27,20,多云,东南风,微风
2698,2018-06-03,25,20,阴,东南风,微风
2699,2018-06-04,28,22,多云,东南风,1级
2700,2018-06-05,27,21,阴,东南风,微风
2701,2018-06-06,29,22,多云,西风,微风
2702,2018-06-07,29,22,多云,东北风,1级
2703,2018-06-08,28,22,多云,北风,微风
2704,2018-06-09,26,21,小雨,东北风,1级
2705,2018-06-10,25,21,小雨,东南风,微风
2706,2018-06-11,31,22,多云,东南风,1级
2707,2018-06-12,33,23,晴,东南风,1级
2708,2018-06-13,34,23,晴,东北风,1级
2709,2018-06-14,31,21,多云,东南风,1级
2710,2018-06-15,30,22,晴,东风,微风
2711,2018-06-16,29,22,多云,东南风,微风
2712,2018-06-17,28,23,多云,东南风,微风
2713,2018-06-18,31,25,阴,东南风,微风
2714,2018-06-19,33,25,阵雨,东南风,微风
2715,2018-06-20,24,21,中雨,东南风,微风
2716,2018-06-21,29,23,多云,东北风,微风
2717,2018-06-22,25,22,小雨,东南风,1级
2718,2018-06-23,24,20,阵雨,东南风,微风
2719,2018-06-24,28,23,小雨,东南风,微风
2720,2018-06-25,33,25,阴,南风,微风
2721,2018-06-26,37,28,晴,东南风,1级
2722,2018-06-27,36,28,多云,东南风,微风
2723,2018-06-28,34,26,小雨,西南风,微风
2724,2018-06-29,34,26,小雨,东风,微风
2725,2018-06-30,29,26,大雨,东南风,微风
2726,2018-07-01,29,25,小雨,东南风,微风
2727,2018-07-02,31,26,阴,东南风,微风
2728,2018-07-03,31,26,小雨,东风,微风
2729,2018-07-04,32,26,小雨,东南风,微风
2730,2018-07-05,29,25,中雨,东南风,微风
2731,2018-07-06,30,26,小雨,东南风,微风
2732,2018-07-07,28,25,小雨,东风,微风
2733,2018-07-08,33,27,阴,西风,1级
2734,2018-07-09,34,27,多云,东风,1级
2735,2018-07-10,33,27,多云,东南风,微风
2736,2018-07-11,32,27,阴,北风,1级
2737,2018-07-12,33,27,多云,东南风,微风
2738,2018-07-13,35,27,多云,东北风,微风
2739,2018-07-14,34,26,晴,东南风,微风
2740,2018-07-15,33,26,多云,东南风,微风
2741,2018-07-16,34,27,多云,东风,1级
2742,2018-07-17,34,27,多云,东南风,微风
2743,2018-07-18,35,27,多云,东南风,微风
2744,2018-07-19,34,27,晴,东北风,1级
2745,2018-07-20,35,27,阴,东南风,微风
2746,2018-07-21,33,26,小雨,东风,1级
2747,2018-07-22,29,27,大雨,东风,微风
2748,2018-07-23,33,27,阴,东南风,微风
2749,2018-07-24,33,28,小雨,南风,微风
2750,2018-07-25,36,28,小雨,东南风,1级
2751,2018-07-26,37,28,雷阵雨,东南风,微风
2752,2018-07-27,36,27,中雨,东南风,微风
2753,2018-07-28,36,28,雷阵雨,东南风,微风
2754,2018-07-29,36,28,多云,东风,微风
2755,2018-07-30,35,28,多云,东南风,1级
2756,2018-07-31,35,28,多云,东南风,微风
2757,2018-08-01,34,27,阴,东风,1级
2758,2018-08-02,33,27,小雨,东风,1级
2759,2018-08-03,29,26,阵雨,东南风,1级
2760,2018-08-04,35,28,多云,东南风,1级
2761,2018-08-05,35,28,多云,东南风,微风
2762,2018-08-06,36,28,阴,东南风,微风
2763,2018-08-07,36,28,晴,西南风,1级
2764,2018-08-08,35,27,多云,东南风,1级
2765,2018-08-09,35,28,晴,东南风,1级
2766,2018-08-10,36,28,多云,东南风,1级
2767,2018-08-11,35,28,晴,东南风,1级
2768,2018-08-12,29,26,中雨,东风,2级
2769,2018-08-13,33,28,阴,东南风,微风
2770,2018-08-14,34,28,小雨,东南风,1级
2771,2018-08-15,33,28,阴,东南风,1级
2772,2018-08-16,32,26,中雨,东风,微风
2773,2018-08-17,29,26,中雨,东南风,微风
2774,2018-08-18,32,27,阴,东南风,1级
2775,2018-08-19,33,28,多云,东南风,1级
2776,2018-08-20,34,28,小雨,东南风,微风
2777,2018-08-21,29,27,雷阵雨,东南风,1级
2778,2018-08-22,33,27,多云,东南风,1级
2779,2018-08-23,33,25,多云,东南风,微风
2780,2018-08-24,32,26,多云,东南风,1级
2781,2018-08-25,29,26,阵雨,东北风,微风
2782,2018-08-26,29,27,小雨,东南风,微风
2783,2018-08-27,33,27,多云,东南风,1级
2784,2018-08-28,33,27,多云,东风,1级
2785,2018-08-29,32,27,多云,东南风,微风
2786,2018-08-30,33,27,多云,东风,微风
2787,2018-08-31,34,27,阵雨,东南风,微风
2788,2018-09-01,32,27,中雨,东南风,微风
2789,2018-09-02,33,27,雷阵雨,东南风,微风
2790,2018-09-03,35,27,小雨,东南风,微风
2791,2018-09-04,32,24,多云,东南风,微风
2792,2018-09-05,32,26,晴,东南风,微风
2793,2018-09-06,32,23,多云,东南风,微风
2794,2018-09-10,27,23,多云,东南风,微风
2795,2018-09-11,27,24,小雨,东风,1级
2796,2018-09-12,28,25,小雨,东南风,微风
2797,2018-09-13,29,24,小雨,东南风,微风
2798,2018-09-14,31,25,多云,东南风,微风
2799,2018-09-16,32,25,中雨,东南风,微风
2800,2018-09-17,27,24,雷阵雨,东南风,微风
2801,2018-09-18,30,26,小雨,东南风,微风
2802,2018-09-19,33,27,雷阵雨,东南风,微风
2803,2018-09-20,33,25,雷阵雨,东南风,微风
2804,2018-09-21,27,23,小雨,东南风,微风
2805,2018-09-22,28,22,小雨,东南风,微风
2806,2018-09-23,28,22,多云,东北风,微风
2807,2018-09-24,28,21,晴,东风,1级
2808,2018-09-25,26,21,多云,东北风,1级
2809,2018-09-26,27,22,多云,东南风,微风
2810,2018-09-27,28,20,阴,东北风,微风
2811,2018-09-28,27,21,多云,东南风,微风
2812,2018-09-29,27,21,多云,东南风,微风
2813,2018-09-30,28,19,晴,东南风,1级
